,@D,@T,@NVl,@Vl,@L,@Cl,@St,@UI_1
0,13,12:55:00 PM,2,14,1,,2,5
1,13,7:54:00 PM,2,14,1,,2,5
2,15,4:56:00 AM,1,16,1,,2,5
3,15,9:54:00 AM,1,16,1,,2,5
4,15,10:02:00 AM,1,16,1,,2,5
5,15,10:05:00 AM,1,16,1,,2,5
6,15,12:55:00 PM,2,14,1,,2,5
7,17,4:54:00 AM,2,14,1,,2,5
8,17,9:55:00 AM,1,16,1,,2,5
9,17,9:58:00 AM,1,16,1,,2,5
10,17,12:54:00 PM,2,14,1,,2,5
11,18,4:54:00 AM,1,16,1,,2,5
12,18,5:03:00 AM,1,16,1,,2,5
13,18,5:10:00 AM,1,16,1,,2,5
14,18,9:11:00 AM,1,16,1,,2,5
15,18,12:54:00 PM,2,14,1,,2,5
16,19,4:08:00 PM,2,14,1,,2,5
17,20,5:22:00 AM,1,16,1,,2,5
18,20,5:24:00 AM,1,16,1,,2,5
19,20,5:27:00 AM,1,16,1,,2,5
20,20,5:30:00 AM,1,16,1,,2,5
21,20,5:40:00 AM,1,16,1,,2,5
22,20,11:55:00 AM,2,14,1,,2,5
23,4,5:48:00 AM,1,16,1,,2,5
24,4,6:21:00 AM,1,16,1,,2,5
25,4,12:54:00 PM,2,14,1,,2,5
26,4,6:24:00 PM,2,14,1,,2,5
27,21,7:55:00 AM,1,16,1,,2,5
28,21,9:55:00 AM,2,14,1,,2,5
29,22,4:54:00 AM,1,16,1,,2,5
30,22,9:55:00 AM,1,16,1,,2,5
31,22,12:54:00 PM,2,14,1,,2,5
32,23,6:54:00 AM,1,16,1,,2,5
33,23,9:54:00 AM,2,14,1,,2,5
34,24,8:00:00 AM,1,16,1,,2,5
35,24,11:54:00 AM,2,14,1,,2,5
36,25,5:26:00 AM,1,16,1,,2,5
37,25,5:28:00 AM,1,16,1,,2,5
38,26,7:57:00 AM,1,16,1,,2,5
39,26,1:54:00 PM,2,14,1,,2,5
40,26,2:54:00 PM,2,14,1,,2,5
41,27,5:18:00 AM,1,16,1,,2,5
42,27,5:58:00 AM,1,16,1,,2,5
43,28,1:54:00 PM,2,14,1,,2,5
44,29,11:07:00 AM,2,14,1,,2,5
45,29,11:44:00 AM,1,16,1,,2,5
46,29,12:26:00 PM,2,14,1,,2,5
47,30,4:54:00 AM,2,14,1,,2,5
48,31,4:54:00 AM,2,14,1,,2,5
49,31,4:58:00 AM,2,14,1,,2,5
50,31,5:54:00 AM,2,14,1,,2,5
51,31,9:46:00 AM,1,16,1,,2,5
52,31,10:27:00 AM,2,14,1,,2,5
53,31,10:54:00 AM,2,14,1,,2,5
54,31,12:54:00 PM,1,16,1,,2,5
55,32,4:59:00 AM,2,14,1,,2,5
56,32,10:28:00 AM,1,16,1,,2,5
57,32,10:37:00 AM,1,16,1,,2,5
58,32,10:40:00 AM,1,16,1,,2,5
59,32,10:45:00 AM,1,16,1,,2,5
60,32,8:54:00 PM,2,14,1,,2,5
61,33,4:54:00 AM,2,14,1,,2,5
62,33,9:54:00 AM,2,14,1,,2,5
63,33,11:54:00 AM,2,14,1,,2,5
64,34,4:54:00 AM,2,14,1,,2,5
65,35,4:54:00 AM,1,16,1,,2,5
66,35,9:54:00 AM,2,14,1,,2,5
67,35,1:54:00 PM,2,14,1,,2,5
68,36,4:54:00 AM,2,14,1,,2,5
69,36,8:55:00 AM,1,16,1,,2,5
70,37,4:54:00 AM,2,14,1,,2,5
71,37,9:54:00 AM,2,14,1,,2,5
72,37,2:54:00 PM,2,14,1,,2,5
73,38,4:54:00 AM,2,14,1,,2,5
74,39,4:54:00 AM,1,16,1,,2,5
75,40,4:55:00 AM,1,16,1,,2,5
76,41,2:27:00 AM,1,16,1,,2,5
77,41,2:31:00 AM,1,16,1,,2,5
78,41,2:54:00 AM,1,16,1,,2,5
79,41,4:54:00 AM,2,14,1,,2,5
80,42,4:54:00 AM,1,16,1,,2,5
81,43,4:56:00 AM,1,16,1,,2,5
82,44,4:54:00 AM,1,16,1,,2,5
83,44,8:54:00 AM,2,14,1,,2,5
84,44,2:54:00 PM,2,14,1,,2,5
85,44,7:54:00 PM,2,14,1,,2,5
86,45,8:54:00 AM,2,14,1,,2,5
87,45,11:54:00 AM,2,14,1,,2,5
88,46,5:02:00 AM,1,16,1,,2,5
89,46,5:07:00 AM,1,16,1,,2,5
90,46,5:14:00 AM,1,16,1,,2,5
91,46,5:16:00 AM,1,16,1,,2,5
92,46,8:54:00 AM,2,14,1,,2,5
93,46,11:54:00 AM,2,14,1,,2,5
94,46,1:57:00 PM,1,16,1,,2,5
95,46,2:00:00 PM,1,16,1,,2,5
96,46,2:03:00 PM,2,14,1,,2,5
97,46,2:08:00 PM,2,14,1,,2,5
98,47,4:54:00 AM,2,14,1,,2,5
99,48,7:54:00 AM,2,14,1,,2,5
100,48,11:54:00 AM,2,14,1,,2,5
101,48,3:07:00 PM,2,14,1,,2,5
102,48,8:17:00 PM,0,49,1,,2,5
103,48,11:19:00 PM,1,16,1,,2,5
104,50,4:54:00 AM,2,14,1,,2,5
105,51,4:07:00 AM,1,16,1,,2,5
106,51,5:39:00 AM,1,16,1,,2,5
107,51,9:32:00 AM,1,16,1,,2,5
108,51,9:54:00 AM,1,16,1,,2,5
109,51,9:57:00 AM,1,16,1,,2,5
110,51,10:05:00 AM,1,16,1,,2,5
111,51,12:56:00 PM,2,14,1,,2,5
112,52,4:54:00 AM,1,16,1,,2,5
113,52,8:23:00 AM,1,16,1,,2,5
114,52,8:54:00 AM,2,14,1,,2,5
115,52,9:14:00 AM,1,16,1,,2,5
116,52,10:54:00 AM,2,14,1,,2,5
117,52,12:57:00 PM,1,16,1,,2,5
118,52,12:59:00 PM,2,14,1,,2,5
119,52,1:06:00 PM,1,16,1,,2,5
120,52,1:08:00 PM,2,14,1,,2,5
121,52,3:34:00 PM,2,14,1,,2,5
122,52,4:18:00 PM,2,14,1,,2,5
123,53,4:54:00 AM,2,14,1,,2,5
124,53,9:34:00 AM,1,16,1,,2,5
125,53,9:37:00 AM,1,16,1,,2,5
126,53,2:45:00 PM,2,14,1,,2,5
127,53,8:54:00 PM,2,14,1,,2,5
128,54,4:55:00 AM,2,14,1,,2,5
129,54,4:57:00 AM,2,14,1,,2,5
130,54,5:00:00 AM,1,16,1,,2,5
131,54,5:04:00 AM,2,14,1,,2,5
132,54,5:07:00 AM,2,14,1,,2,5
133,54,10:52:00 AM,2,14,1,,2,5
134,54,9:02:00 PM,3,55,1,,2,5
135,56,3:54:00 AM,1,16,1,,2,5
136,56,4:54:00 AM,2,14,1,,2,5
137,56,11:03:00 AM,2,14,1,,2,5
138,56,11:54:00 AM,2,14,1,,2,5
139,56,5:01:00 PM,2,14,1,,2,5
140,57,4:54:00 AM,2,14,1,,2,5
141,57,9:45:00 AM,1,16,1,,2,5
142,58,12:42:00 AM,1,16,1,,2,5
143,58,4:54:00 AM,2,14,1,,2,5
144,58,9:54:00 AM,2,14,1,,2,5
145,58,11:32:00 AM,2,14,1,,2,5
146,58,11:54:00 AM,2,14,1,,2,5
147,59,12:44:00 AM,1,16,1,,2,5
148,59,2:54:00 AM,1,16,1,,2,5
149,59,4:54:00 AM,1,16,1,,2,5
150,59,8:54:00 AM,1,16,1,,2,5
151,59,10:54:00 AM,2,14,1,,2,5
152,60,4:54:00 AM,2,14,1,,2,5
153,60,5:00:00 AM,2,14,1,,2,5
154,60,7:54:00 AM,1,16,1,,2,5
155,60,11:54:00 AM,2,14,1,,2,5
156,61,4:54:00 AM,1,16,1,,2,5
157,61,9:18:00 AM,2,14,1,,2,5
158,61,9:54:00 AM,1,16,1,,2,5
159,61,8:49:00 PM,2,14,1,,2,5
160,62,2:54:00 AM,1,16,1,,2,5
161,62,4:54:00 AM,2,14,1,,2,5
162,62,11:54:00 AM,2,14,1,,2,5
163,63,4:59:00 AM,1,16,1,,2,5
164,63,8:54:00 AM,1,16,1,,2,5
165,63,2:54:00 PM,3,55,1,,2,5
166,64,2:54:00 AM,1,16,1,,2,5
167,64,5:00:00 AM,2,14,1,,2,5
168,64,11:54:00 AM,2,14,1,,2,5
169,64,5:13:00 PM,2,14,1,,2,5
170,65,2:54:00 AM,2,14,1,,2,5
171,65,4:54:00 AM,2,14,1,,2,5
172,66,4:54:00 AM,2,14,1,,2,5
173,66,6:19:00 PM,2,14,1,,2,5
174,67,4:54:00 AM,2,14,1,,2,5
175,67,1:05:00 PM,2,14,1,,2,5
176,68,4:59:00 AM,1,16,1,,2,5
177,68,12:54:00 PM,2,14,1,,2,5
178,68,7:54:00 PM,2,14,1,,2,5
179,69,4:54:00 AM,2,14,1,,2,5
180,70,7:47:00 AM,1,16,1,,2,5
181,70,12:15:00 PM,2,14,1,,2,5
182,70,12:30:00 PM,2,14,1,,2,5
183,71,5:13:00 AM,1,16,1,,2,5
184,71,8:51:00 AM,2,14,1,,2,5
185,71,9:19:00 AM,2,14,1,,2,5
186,72,4:57:00 AM,2,14,1,,2,5
187,72,9:49:00 AM,2,14,1,,2,5
188,72,10:04:00 AM,1,16,1,,2,5
189,72,10:37:00 AM,2,14,1,,2,5
190,73,6:54:00 AM,2,14,1,,2,5
191,73,8:54:00 AM,2,14,1,,2,5
192,73,11:54:00 AM,2,14,1,,2,5
193,73,12:14:00 PM,2,14,1,,2,5
194,74,4:54:00 AM,2,14,1,,2,5
195,74,1:12:00 PM,1,16,1,,2,5
196,74,2:09:00 PM,1,16,1,,2,5
197,74,2:28:00 PM,1,16,1,,2,5
198,74,2:31:00 PM,1,16,1,,2,5
199,74,3:17:00 PM,1,16,1,,2,5
200,74,3:21:00 PM,1,16,1,,2,5
201,74,3:23:00 PM,1,16,1,,2,5
202,75,4:54:00 AM,1,16,1,,2,5
203,75,6:57:00 AM,2,14,1,,2,5
204,75,9:54:00 AM,1,16,1,,2,5
205,75,10:58:00 AM,1,16,1,,2,5
206,75,11:36:00 AM,2,14,1,,2,5
207,76,2:54:00 AM,2,14,1,,2,5
208,76,4:54:00 AM,2,14,1,,2,5
209,76,7:54:00 AM,2,14,1,,2,5
210,76,11:23:00 AM,2,14,1,,2,5
211,76,11:45:00 AM,2,14,1,,2,5
212,77,2:54:00 AM,2,14,1,,2,5
213,77,4:57:00 AM,1,16,1,,2,5
214,77,7:54:00 AM,2,14,1,,2,5
215,77,11:11:00 AM,2,14,1,,2,5
216,77,11:30:00 AM,2,14,1,,2,5
217,77,12:05:00 PM,2,14,1,,2,5
218,77,12:16:00 PM,2,14,1,,2,5
219,77,5:54:00 PM,2,14,1,,2,5
220,78,2:54:00 AM,2,14,1,,2,5
221,78,4:54:00 AM,2,14,1,,2,5
222,78,8:54:00 AM,2,14,1,,2,5
223,78,11:11:00 AM,2,14,1,,2,5
224,78,11:25:00 AM,2,14,1,,2,5
225,78,5:54:00 PM,2,14,1,,2,5
226,79,12:14:00 AM,1,16,1,,2,5
227,79,4:54:00 AM,2,14,1,,2,5
228,79,5:54:00 AM,2,14,1,,2,5
229,79,7:54:00 AM,2,14,1,,2,5
230,79,7:54:00 PM,1,16,1,,2,5
231,79,9:54:00 PM,2,14,1,,2,5
232,80,4:57:00 AM,1,16,1,,2,5
233,81,2:54:00 AM,2,14,1,,2,5
234,81,4:54:00 AM,2,14,1,,2,5
235,81,9:54:00 AM,2,14,1,,2,5
236,81,12:34:00 PM,2,14,1,,2,5
237,81,12:47:00 PM,2,14,1,,2,5
238,81,2:04:00 PM,2,14,1,,2,5
239,81,2:06:00 PM,2,14,1,,2,5
240,82,11:54:00 PM,1,16,1,,2,5
241,82,11:57:00 PM,1,16,1,,2,5
242,83,12:04:00 AM,1,16,1,,2,5
243,83,2:01:00 AM,1,16,1,,2,5
244,83,5:00:00 AM,1,16,1,,2,5
245,84,4:54:00 AM,1,16,1,,2,5
246,84,4:57:00 PM,2,14,1,,2,5
247,85,4:56:00 AM,1,16,1,,2,5
248,85,6:56:00 AM,1,16,1,,2,5
249,85,8:54:00 PM,2,14,1,,2,5
250,86,3:54:00 AM,1,16,1,,2,5
251,86,3:57:00 AM,1,16,1,,2,5
252,86,4:55:00 AM,1,16,1,,2,5
253,86,4:58:00 AM,1,16,1,,2,5
254,86,7:54:00 AM,2,14,1,,2,5
255,86,7:56:00 PM,2,14,1,,2,5
256,87,5:13:00 AM,1,16,1,,2,5
257,87,5:54:00 AM,1,16,1,,2,5
258,87,5:57:00 AM,1,16,1,,2,5
259,87,6:05:00 AM,1,16,1,,2,5
260,87,8:54:00 AM,2,14,1,,2,5
261,87,7:54:00 PM,2,14,1,,2,5
262,88,4:54:00 AM,1,16,1,,2,5
263,88,12:54:00 PM,2,14,1,,2,5
264,89,2:54:00 AM,1,16,1,,2,5
265,89,4:57:00 AM,1,16,1,,2,5
266,89,5:05:00 AM,1,16,1,,2,5
267,89,5:08:00 AM,2,14,1,,2,5
268,89,5:22:00 AM,1,16,1,,2,5
269,89,5:28:00 AM,1,16,1,,2,5
270,89,5:31:00 AM,1,16,1,,2,5
271,89,5:34:00 AM,1,16,1,,2,5
272,89,7:54:00 AM,2,14,1,,2,5
273,90,2:54:00 AM,1,16,1,,2,5
274,90,4:54:00 AM,1,16,1,,2,5
275,90,6:54:00 AM,2,14,1,,2,5
276,91,2:34:00 AM,1,16,1,,2,5
277,91,4:54:00 AM,1,16,1,,2,5
278,91,5:57:00 AM,1,16,1,,2,5
279,91,10:56:00 AM,1,16,1,,2,5
280,91,10:59:00 AM,1,16,1,,2,5
281,91,11:02:00 AM,1,16,1,,2,5
282,91,12:54:00 PM,2,14,1,,2,5
283,91,11:56:00 PM,1,16,1,,2,5
284,92,12:01:00 AM,1,16,1,,2,5
285,92,5:18:00 AM,1,16,1,,2,5
286,92,7:54:00 AM,2,14,1,,2,5
287,93,4:36:00 AM,1,16,1,,2,5
288,93,5:01:00 AM,1,16,1,,2,5
289,93,5:07:00 AM,1,16,1,,2,5
290,93,5:09:00 AM,1,16,1,,2,5
291,93,7:54:00 AM,2,14,1,,2,5
292,94,6:54:00 AM,2,14,1,,2,5
293,94,8:54:00 AM,2,14,1,,2,5
294,95,12:54:00 AM,1,16,1,,2,5
295,95,5:10:00 AM,1,16,1,,2,5
296,95,5:54:00 AM,2,14,1,,2,5
297,95,12:00:00 PM,2,14,1,,2,5
298,96,6:54:00 PM,2,14,1,,2,5
299,97,5:38:00 AM,2,14,1,,2,5
300,97,5:54:00 AM,2,14,1,,2,5
301,97,8:54:00 AM,2,14,1,,2,5
302,97,11:58:00 PM,1,16,1,,2,5
303,98,5:10:00 AM,1,16,1,,2,5
304,98,6:04:00 AM,1,16,1,,2,5
305,98,10:16:00 PM,1,16,1,,2,5
306,98,10:34:00 PM,1,16,1,,2,5
307,98,10:39:00 PM,1,16,1,,2,5
308,99,1:54:00 AM,1,16,1,,2,5
309,99,2:57:00 AM,1,16,1,,2,5
310,99,9:54:00 PM,1,16,1,,2,5
311,100,12:58:00 AM,1,16,1,,2,5
312,101,5:43:00 AM,1,16,1,,2,5
313,101,5:46:00 AM,1,16,1,,2,5
314,101,8:54:00 AM,2,14,1,,2,5
315,102,8:58:00 PM,1,16,1,,2,5
316,102,9:01:00 PM,1,16,1,,2,5
317,103,1:07:00 AM,2,14,1,,2,5
318,104,12:03:00 AM,1,16,1,,2,5
319,105,4:58:00 AM,1,16,1,,2,5
320,105,5:01:00 AM,1,16,1,,2,5
321,105,7:54:00 AM,2,14,1,,2,5
322,106,5:02:00 AM,1,16,1,,2,5
323,106,7:54:00 AM,2,14,1,,2,5
324,107,5:19:00 AM,1,16,1,,2,5
325,107,5:55:00 AM,1,16,1,,2,5
326,107,5:58:00 AM,1,16,1,,2,5
327,107,7:54:00 AM,2,14,1,,2,5
328,108,5:12:00 AM,1,16,1,,2,5
329,108,7:54:00 AM,2,14,1,,2,5
330,108,2:54:00 PM,2,14,1,,2,5
331,109,4:55:00 AM,1,16,1,,2,5
332,109,6:54:00 AM,1,16,1,,2,5
333,110,4:55:00 AM,1,16,1,,2,5
334,111,5:54:00 AM,1,16,1,,2,5
335,111,4:24:00 PM,2,14,1,,2,5
336,111,11:57:00 PM,1,16,1,,2,5
337,112,4:54:00 AM,2,14,1,,2,5
338,112,7:54:00 AM,2,14,1,,2,5
339,112,11:12:00 AM,2,14,1,,2,5
340,113,4:54:00 AM,2,14,1,,2,5
341,114,5:54:00 PM,2,14,1,,2,5
342,114,11:54:00 PM,2,14,1,,2,5
343,115,4:58:00 AM,1,16,1,,2,5
344,115,5:01:00 AM,1,16,1,,2,5
345,115,11:54:00 AM,2,14,1,,2,5
346,116,5:31:00 AM,1,16,1,,2,5
347,116,5:55:00 AM,1,16,1,,2,5
348,116,7:54:00 AM,2,14,1,,2,5
349,117,5:35:00 AM,1,16,1,,2,5
350,118,4:58:00 AM,1,16,1,,2,5
351,119,5:43:00 AM,1,16,1,,2,5
352,119,6:06:00 AM,1,16,1,,2,5
353,119,8:55:00 PM,1,16,1,,2,5
354,119,10:55:00 PM,1,16,1,,2,5
355,120,5:04:00 AM,1,16,1,,2,5
356,120,5:07:00 AM,1,16,1,,2,5
357,120,6:54:00 AM,2,14,1,,2,5
358,121,5:12:00 AM,1,16,1,,2,5
359,121,7:57:00 PM,1,16,1,,2,5
360,121,10:54:00 PM,2,14,1,,2,5
361,122,10:54:00 PM,2,14,1,,2,5
362,123,8:54:00 PM,1,16,1,,2,5
363,123,10:54:00 PM,2,14,1,,2,5
364,124,4:54:00 AM,1,16,1,,2,5
365,124,9:54:00 AM,2,14,1,,2,5
366,125,4:54:00 AM,1,16,1,,2,5
367,125,2:54:00 PM,2,14,1,,2,5
368,126,5:22:00 AM,2,14,1,,2,5
369,126,5:54:00 AM,2,14,1,,2,5
370,126,7:54:00 PM,1,16,1,,2,5
371,126,7:58:00 PM,1,16,1,,2,5
372,126,8:00:00 PM,1,16,1,,2,5
373,126,11:02:00 PM,1,16,1,,2,5
374,126,11:05:00 PM,1,16,1,,2,5
375,127,5:18:00 AM,1,16,1,,2,5
376,128,5:09:00 AM,1,16,1,,2,5
377,128,5:12:00 AM,1,16,1,,2,5
378,128,12:29:00 PM,2,14,1,,2,5
379,128,2:03:00 PM,2,14,1,,2,5
380,129,4:54:00 AM,2,14,1,,2,5
381,129,9:05:00 AM,1,16,1,,2,5
382,129,9:08:00 AM,1,16,1,,2,5
383,129,10:54:00 AM,2,14,1,,2,5
384,129,12:54:00 PM,1,16,1,,2,5
385,130,4:54:00 AM,2,14,1,,2,5
386,130,10:46:00 AM,2,14,1,,2,5
387,130,10:54:00 AM,1,16,1,,2,5
388,131,5:10:00 AM,2,14,1,,2,5
389,131,5:54:00 AM,2,14,1,,2,5
390,131,8:54:00 AM,1,16,1,,2,5
391,131,10:54:00 AM,2,14,1,,2,5
392,131,12:13:00 PM,2,14,1,,2,5
393,131,11:54:00 PM,1,16,1,,2,5
394,132,4:54:00 AM,3,55,1,,2,5
395,132,9:29:00 AM,2,14,1,,2,5
396,133,4:54:00 AM,2,14,1,,2,5
397,133,10:28:00 AM,2,14,1,,2,5
398,133,10:54:00 AM,2,14,1,,2,5
399,134,4:54:00 AM,2,14,1,,2,5
400,135,4:54:00 AM,2,14,1,,2,5
401,136,4:54:00 AM,2,14,1,,2,5
402,137,4:54:00 AM,2,14,1,,2,5
403,138,5:02:00 AM,2,14,1,,2,5
404,138,10:56:00 AM,2,14,1,,2,5
405,138,10:54:00 PM,2,14,1,,2,5
406,139,4:57:00 AM,2,14,1,,2,5
407,139,5:54:00 AM,1,16,1,,2,5
408,139,4:36:00 PM,2,14,1,,2,5
409,139,5:54:00 PM,3,55,1,,2,5
410,140,4:54:00 AM,3,55,1,,2,5
411,140,12:35:00 PM,3,55,1,,2,5
412,140,1:15:00 PM,2,14,1,,2,5
413,141,4:54:00 AM,2,14,1,,2,5
414,141,9:54:00 PM,2,14,1,,2,5
415,142,4:54:00 AM,2,14,1,,2,5
416,142,8:54:00 AM,2,14,1,,2,5
417,143,4:54:00 AM,2,14,1,,2,5
418,143,8:54:00 AM,2,14,1,,2,5
419,143,1:54:00 PM,2,14,1,,2,5
420,144,5:06:00 AM,1,16,1,,2,5
421,145,4:54:00 AM,2,14,1,,2,5
422,145,8:54:00 AM,2,14,1,,2,5
423,145,11:54:00 AM,2,14,1,,2,5
424,146,4:54:00 AM,2,14,1,,2,5
425,147,4:54:00 AM,2,14,1,,2,5
426,147,2:53:00 PM,3,55,1,,2,5
427,147,2:55:00 PM,3,55,1,,2,5
428,148,4:54:00 AM,3,55,1,,2,5
429,148,11:53:00 AM,2,14,1,,2,5
430,149,4:54:00 AM,2,14,1,,2,5
431,149,11:54:00 PM,2,14,1,,2,5
432,150,4:54:00 AM,2,14,1,,2,5
433,150,10:54:00 PM,2,14,1,,2,5
434,151,4:54:00 AM,2,14,1,,2,5
435,152,4:54:00 AM,2,14,1,,2,5
436,152,8:54:00 PM,1,16,1,,2,5
437,153,5:06:00 AM,1,16,1,,2,5
438,153,6:54:00 AM,2,14,1,,2,5
439,153,7:54:00 PM,2,14,1,,2,5
440,154,4:54:00 AM,2,14,1,,2,5
441,155,4:54:00 AM,2,14,1,,2,5
442,155,12:57:00 PM,2,14,1,,2,5
443,156,4:54:00 AM,2,14,1,,2,5
444,156,10:54:00 PM,2,14,1,,2,5
445,157,4:54:00 AM,2,14,1,,2,5
446,158,4:54:00 AM,2,14,1,,2,5
447,159,4:54:00 AM,2,14,1,,2,5
448,160,4:54:00 AM,2,14,1,,2,5
449,160,4:12:00 PM,2,14,1,,2,5
450,160,4:43:00 PM,1,16,1,,2,5
451,161,4:54:00 AM,2,14,1,,2,5
452,161,6:57:00 PM,2,14,1,,2,5
453,162,4:54:00 AM,2,14,1,,2,5
454,163,2:59:00 AM,1,16,1,,2,5
455,163,5:07:00 AM,1,16,1,,2,5
456,163,7:54:00 AM,2,14,1,,2,5
457,163,10:54:00 PM,2,14,1,,2,5
458,164,1:54:00 AM,2,14,1,,2,5
459,164,4:57:00 AM,1,16,1,,2,5
460,164,5:54:00 AM,2,14,1,,2,5
461,164,6:54:00 PM,1,16,1,,2,5
462,164,9:54:00 PM,2,14,1,,2,5
463,165,4:54:00 AM,3,55,1,,2,5
464,165,11:56:00 AM,2,14,1,,2,5
465,166,4:55:00 AM,2,14,1,,2,5
466,166,7:56:00 PM,1,16,1,,2,5
467,166,8:00:00 PM,1,16,1,,2,5
468,166,8:02:00 PM,1,16,1,,2,5
469,167,5:36:00 AM,1,16,1,,2,5
470,167,5:54:00 AM,3,55,1,,2,5
471,168,12:54:00 AM,2,14,1,,2,5
472,168,4:54:00 AM,2,14,1,,2,5
473,168,5:54:00 AM,1,16,1,,2,5
474,169,4:54:00 AM,2,14,1,,2,5
475,170,2:56:00 AM,1,16,1,,2,5
476,170,4:54:00 AM,2,14,1,,2,5
477,170,1:54:00 PM,2,14,1,,2,5
478,171,3:04:00 AM,1,16,1,,2,5
479,171,5:15:00 AM,1,16,1,,2,5
480,171,6:58:00 AM,1,16,1,,2,5
481,171,7:54:00 AM,2,14,1,,2,5
482,172,3:02:00 AM,1,16,1,,2,5
483,172,3:05:00 AM,1,16,1,,2,5
484,172,3:50:00 AM,2,14,1,,2,5
485,172,5:04:00 AM,1,16,1,,2,5
486,172,5:54:00 AM,2,14,1,,2,5
487,172,9:42:00 PM,3,55,1,,2,5
488,173,2:09:00 PM,2,14,1,,2,5
489,6,12:33:00 PM,2,14,1,,2,5
490,6,12:34:00 PM,2,14,1,,2,5
491,6,3:23:00 PM,1,16,1,,2,5
492,6,4:29:00 PM,1,16,1,,2,5
493,6,4:52:00 PM,1,16,1,,2,5
494,174,2:54:00 AM,1,16,1,,2,5
495,174,4:39:00 AM,3,55,1,,2,5
496,174,4:54:00 AM,3,55,1,,2,5
497,174,11:23:00 AM,3,55,1,,2,5
498,175,4:54:00 AM,2,14,1,,2,5
499,176,2:04:00 AM,1,16,1,,2,5
500,176,3:54:00 AM,2,14,1,,2,5
501,176,4:54:00 AM,2,14,1,,2,5
502,177,12:54:00 AM,2,14,1,,2,5
503,177,2:56:00 AM,2,14,1,,2,5
504,177,4:54:00 AM,2,14,1,,2,5
505,177,5:54:00 PM,1,16,1,,2,5
506,178,4:54:00 AM,3,55,1,,2,5
507,178,6:12:00 PM,2,14,1,,2,5
508,179,4:54:00 AM,3,55,1,,2,5
509,179,11:23:00 AM,2,14,1,,2,5
510,180,12:57:00 AM,2,14,1,,2,5
511,180,2:54:00 AM,2,14,1,,2,5
512,180,4:54:00 AM,2,14,1,,2,5
513,181,1:57:00 AM,1,16,1,,2,5
514,181,3:54:00 AM,2,14,1,,2,5
515,181,4:54:00 AM,2,14,1,,2,5
516,7,4:54:00 AM,1,16,1,,2,5
517,7,4:49:00 PM,2,14,1,,2,5
518,7,6:04:00 PM,2,14,1,,2,5
519,182,4:54:00 AM,2,14,1,,2,5
520,182,3:57:00 PM,1,16,1,,2,5
521,182,5:54:00 PM,2,14,1,,2,5
522,183,4:54:00 AM,2,14,1,,2,5
523,184,1:54:00 AM,2,14,1,,2,5
524,184,4:57:00 AM,1,16,1,,2,5
525,184,11:25:00 AM,2,14,1,,2,5
526,184,5:54:00 PM,2,14,1,,2,5
527,185,3:54:00 AM,2,14,1,,2,5
528,185,4:54:00 AM,2,14,1,,2,5
529,185,10:54:00 AM,2,14,1,,2,5
530,186,4:54:00 AM,2,14,1,,2,5
531,186,6:54:00 AM,2,14,1,,2,5
532,187,4:54:00 AM,2,14,1,,2,5
533,187,2:54:00 PM,2,14,1,,2,5
534,187,9:54:00 PM,2,14,1,,2,5
535,188,4:54:00 AM,2,14,1,,2,5
536,8,3:43:00 PM,2,14,1,,2,5
537,189,4:54:00 AM,2,14,1,,2,5
538,189,5:14:00 PM,1,16,1,,2,5
539,189,7:55:00 PM,1,16,1,,2,5
540,190,4:54:00 AM,2,14,1,,2,5
541,190,3:54:00 PM,1,16,1,,2,5
542,190,5:54:00 PM,2,14,1,,2,5
543,191,4:54:00 AM,2,14,1,,2,5
544,192,4:54:00 AM,2,14,1,,2,5
545,192,8:54:00 AM,2,14,1,,2,5
546,192,1:54:00 PM,2,14,1,,2,5
547,192,3:54:00 PM,1,16,1,,2,5
548,192,9:54:00 PM,2,14,1,,2,5
549,192,11:54:00 PM,2,14,1,,2,5
550,193,4:54:00 AM,2,14,1,,2,5
551,193,3:54:00 PM,2,14,1,,2,5
552,193,8:54:00 PM,1,16,1,,2,5
553,194,4:54:00 AM,2,14,1,,2,5
554,194,8:54:00 AM,2,14,1,,2,5
555,194,1:59:00 PM,1,16,1,,2,5
556,194,3:23:00 PM,2,14,1,,2,5
557,194,3:55:00 PM,2,14,1,,2,5
558,195,4:54:00 AM,2,14,1,,2,5
559,195,7:54:00 AM,2,14,1,,2,5
560,195,11:21:00 AM,2,14,1,,2,5
561,195,12:54:00 PM,1,16,1,,2,5
562,195,1:54:00 PM,2,14,1,,2,5
563,195,2:54:00 PM,2,14,1,,2,5
564,196,4:54:00 AM,2,14,1,,2,5
565,196,7:54:00 PM,1,16,1,,2,5
566,197,4:54:00 AM,1,16,1,,2,5
567,197,5:07:00 PM,1,16,1,,2,5
568,198,4:57:00 AM,1,16,1,,2,5
569,198,6:54:00 AM,2,14,1,,2,5
570,199,1:54:00 AM,2,14,1,,2,5
571,199,4:54:00 AM,2,14,1,,2,5
572,199,12:56:00 PM,1,16,1,,2,5
573,199,3:54:00 PM,2,14,1,,2,5
574,199,11:57:00 PM,1,16,1,,2,5
575,200,3:54:00 AM,1,16,1,,2,5
576,200,4:54:00 AM,1,16,1,,2,5
577,200,12:54:00 PM,2,14,1,,2,5
578,200,3:54:00 PM,2,14,1,,2,5
579,200,11:54:00 PM,2,14,1,,2,5
580,201,1:54:00 AM,2,14,1,,2,5
581,201,4:54:00 AM,2,14,1,,2,5
582,201,2:25:00 PM,1,16,1,,2,5
583,201,2:55:00 PM,1,16,1,,2,5
584,201,3:54:00 PM,2,14,1,,2,5
585,201,10:56:00 PM,1,16,1,,2,5
586,202,1:54:00 AM,2,14,1,,2,5
587,202,4:54:00 AM,2,14,1,,2,5
588,202,3:54:00 PM,2,14,1,,2,5
589,202,9:57:00 PM,2,14,1,,2,5
590,202,11:54:00 PM,2,14,1,,2,5
591,203,4:54:00 AM,2,14,1,,2,5
592,203,3:54:00 PM,2,14,1,,2,5
593,204,4:54:00 AM,2,14,1,,2,5
594,205,4:54:00 AM,2,14,1,,2,5
595,205,12:56:00 PM,2,14,1,,2,5
596,205,2:54:00 PM,1,16,1,,2,5
597,205,9:07:00 PM,1,16,1,,2,5
598,205,9:10:00 PM,1,16,1,,2,5
599,205,9:16:00 PM,1,16,1,,2,5
600,206,12:36:00 AM,1,16,1,,2,5
601,206,1:54:00 AM,2,14,1,,2,5
602,206,2:54:00 AM,2,14,1,,2,5
603,206,4:54:00 AM,2,14,1,,2,5
604,207,4:54:00 AM,2,14,1,,2,5
605,208,4:54:00 AM,2,14,1,,2,5
606,209,4:54:00 AM,1,16,1,,2,5
607,209,2:54:00 PM,2,14,1,,2,5
608,210,4:54:00 AM,2,14,1,,2,5
609,210,1:06:00 PM,1,16,1,,2,5
610,210,2:56:00 PM,1,16,1,,2,5
611,210,2:59:00 PM,2,14,1,,2,5
612,210,3:02:00 PM,2,14,1,,2,5
613,210,3:05:00 PM,2,14,1,,2,5
614,211,4:54:00 AM,2,14,1,,2,5
615,211,8:54:00 PM,2,14,1,,2,5
616,211,10:54:00 PM,2,14,1,,2,5
617,211,11:54:00 PM,2,14,1,,2,5
618,212,4:54:00 AM,2,14,1,,2,5
619,212,4:54:00 PM,2,14,1,,2,5
620,213,3:54:00 AM,1,16,1,,2,5
621,213,4:54:00 AM,2,14,1,,2,5
622,213,2:54:00 PM,2,14,1,,2,5
623,214,2:54:00 AM,2,14,1,,2,5
624,214,4:54:00 AM,2,14,1,,2,5
625,214,3:23:00 PM,2,14,1,,2,5
626,214,3:54:00 PM,2,14,1,,2,5
627,215,4:54:00 AM,1,16,1,,2,5
628,215,1:54:00 PM,1,16,1,,2,5
629,215,1:57:00 PM,1,16,1,,2,5
630,215,6:56:00 PM,1,16,1,,2,5
631,216,4:54:00 AM,1,16,1,,2,5
632,217,4:54:00 AM,1,16,1,,2,5
633,218,4:54:00 AM,1,16,1,,2,5
634,218,2:54:00 PM,2,14,1,,2,5
635,219,4:54:00 AM,2,14,1,,2,5
636,219,6:54:00 AM,2,14,1,,2,5
637,219,12:56:00 PM,1,16,1,,2,5
638,219,12:59:00 PM,1,16,1,,2,5
639,220,2:54:00 AM,2,14,1,,2,5
640,220,4:59:00 AM,1,16,1,,2,5
641,220,5:07:00 AM,1,16,1,,2,5
642,220,3:17:00 PM,1,16,1,,2,5
643,220,10:54:00 PM,1,16,1,,2,5
644,221,6:54:00 AM,1,16,1,,2,5
645,221,8:54:00 AM,2,14,1,,2,5
646,221,6:54:00 PM,1,16,1,,2,5
647,221,9:54:00 PM,1,16,1,,2,5
648,222,4:59:00 AM,1,16,1,,2,5
649,222,5:05:00 AM,1,16,1,,2,5
650,222,5:28:00 AM,1,16,1,,2,5
651,222,5:31:00 AM,1,16,1,,2,5
652,222,5:33:00 AM,1,16,1,,2,5
653,222,7:54:00 AM,2,14,1,,2,5
654,222,3:57:00 PM,1,16,1,,2,5
655,223,4:54:00 AM,1,16,1,,2,5
656,223,8:54:00 AM,2,14,1,,2,5
657,223,5:25:00 PM,2,14,1,,2,5
658,223,8:54:00 PM,2,14,1,,2,5
659,224,3:58:00 AM,1,16,1,,2,5
660,224,5:18:00 AM,1,16,1,,2,5
661,224,6:54:00 AM,1,16,1,,2,5
662,224,6:59:00 AM,1,16,1,,2,5
663,224,10:54:00 AM,2,14,1,,2,5
664,224,9:54:00 PM,1,16,1,,2,5
665,225,4:54:00 AM,1,16,1,,2,5
666,225,11:54:00 AM,2,14,1,,2,5
667,225,2:54:00 PM,1,16,1,,2,5
668,225,11:54:00 PM,2,14,1,,2,5
669,226,4:57:00 AM,1,16,1,,2,5
670,226,10:54:00 AM,2,14,1,,2,5
671,226,2:57:00 PM,1,16,1,,2,5
672,227,12:40:00 AM,1,16,1,,2,5
673,227,4:54:00 AM,1,16,1,,2,5
674,227,9:54:00 PM,2,14,1,,2,5
675,228,12:14:00 AM,2,14,1,,2,5
676,228,4:54:00 AM,1,16,1,,2,5
677,228,8:55:00 AM,1,16,1,,2,5
678,228,8:58:00 AM,1,16,1,,2,5
679,228,9:02:00 AM,1,16,1,,2,5
680,228,9:04:00 AM,1,16,1,,2,5
681,228,5:54:00 PM,1,16,1,,2,5
682,228,9:54:00 PM,1,16,1,,2,5
683,229,1:14:00 AM,2,14,1,,2,5
684,229,4:54:00 AM,1,16,1,,2,5
685,229,10:57:00 AM,2,14,1,,2,5
686,229,5:54:00 PM,2,14,1,,2,5
687,230,3:54:00 AM,1,16,1,,2,5
688,230,5:24:00 AM,1,16,1,,2,5
689,230,2:54:00 PM,2,14,1,,2,5
690,230,4:54:00 PM,2,14,1,,2,5
691,231,5:23:00 AM,1,16,1,,2,5
692,231,5:26:00 AM,1,16,1,,2,5
693,231,9:02:00 AM,1,16,1,,2,5
694,231,10:54:00 AM,2,14,1,,2,5
695,232,5:38:00 AM,1,16,1,,2,5
696,232,8:54:00 AM,1,16,1,,2,5
697,232,1:54:00 PM,2,14,1,,2,5
698,233,5:08:00 AM,1,16,1,,2,5
699,233,5:16:00 AM,1,16,1,,2,5
700,234,5:39:00 AM,1,16,1,,2,5
701,234,2:54:00 PM,2,14,1,,2,5
702,235,4:54:00 AM,1,16,1,,2,5
703,235,8:54:00 AM,2,14,1,,2,5
704,235,8:54:00 PM,1,16,1,,2,5
705,235,10:59:00 PM,1,16,1,,2,5
706,236,4:54:00 AM,2,14,1,,2,5
707,236,10:54:00 AM,2,14,1,,2,5
708,237,5:01:00 AM,1,16,1,,2,5
709,237,10:54:00 AM,2,14,1,,2,5
710,237,7:54:00 PM,1,16,1,,2,5
711,237,9:54:00 PM,1,16,1,,2,5
712,238,4:55:00 AM,1,16,1,,2,5
713,239,1:58:00 AM,1,16,1,,2,5
714,239,4:54:00 AM,1,16,1,,2,5
715,240,4:54:00 AM,2,14,1,,2,5
716,240,11:54:00 PM,1,16,1,,2,5
717,241,12:41:00 AM,1,16,1,,2,5
718,241,12:43:00 AM,1,16,1,,2,5
719,241,12:51:00 AM,1,16,1,,2,5
720,241,1:54:00 AM,2,14,1,,2,5
721,241,4:54:00 AM,2,14,1,,2,5
722,241,9:54:00 AM,2,14,1,,2,5
723,242,4:54:00 AM,1,16,1,,2,5
724,243,2:54:00 AM,1,16,1,,2,5
725,243,2:57:00 AM,1,16,1,,2,5
726,243,4:54:00 AM,1,16,1,,2,5
727,243,3:54:00 PM,2,14,1,,2,5
728,243,5:55:00 PM,2,14,1,,2,5
729,243,9:54:00 PM,1,16,1,,2,5
730,244,4:55:00 AM,1,16,1,,2,5
731,244,8:55:00 AM,1,16,1,,2,5
732,245,5:03:00 AM,1,16,1,,2,5
733,245,6:54:00 AM,2,14,1,,2,5
734,245,8:56:00 AM,1,16,1,,2,5
735,245,5:55:00 PM,1,16,1,,2,5
736,246,6:54:00 AM,1,16,1,,2,5
737,246,7:21:00 AM,1,16,1,,2,5
738,246,10:09:00 AM,2,14,1,,2,5
739,246,12:54:00 PM,1,16,1,,2,5
740,246,4:54:00 PM,2,14,1,,2,5
741,246,8:56:00 PM,1,16,1,,2,5
742,246,11:19:00 PM,1,16,1,,2,5
743,247,4:11:00 AM,1,16,1,,2,5
744,247,1:54:00 PM,1,16,1,,2,5
745,247,5:54:00 PM,2,14,1,,2,5
746,248,7:01:00 AM,1,16,1,,2,5
747,248,8:59:00 AM,1,16,1,,2,5
748,249,8:03:00 AM,1,16,1,,2,5
749,249,3:00:00 PM,1,16,1,,2,5
750,249,9:03:00 PM,1,16,1,,2,5
751,250,3:54:00 AM,2,14,1,,2,5
752,250,4:54:00 AM,2,14,1,,2,5
753,250,6:54:00 PM,1,16,1,,2,5
754,251,12:54:00 AM,2,14,1,,2,5
755,251,4:54:00 AM,2,14,1,,2,5
756,251,9:59:00 AM,2,14,1,,2,5
757,251,1:55:00 PM,1,16,1,,2,5
758,251,6:54:00 PM,1,16,1,,2,5
759,252,4:54:00 AM,2,14,1,,2,5
760,252,8:59:00 AM,1,16,1,,2,5
761,253,4:54:00 AM,2,14,1,,2,5
762,254,4:55:00 AM,1,16,1,,2,5
763,255,4:54:00 AM,2,14,1,,2,5
764,256,4:54:00 AM,2,14,1,,2,5
765,256,5:55:00 AM,1,16,1,,2,5
766,256,11:54:00 PM,1,16,1,,2,5
767,256,11:58:00 PM,1,16,1,,2,5
768,257,4:56:00 AM,1,16,1,,2,5
769,257,5:54:00 AM,1,16,1,,2,5
770,257,11:58:00 AM,1,16,1,,2,5
771,258,4:54:00 AM,1,16,1,,2,5
772,258,8:04:00 AM,2,14,1,,2,5
773,258,9:44:00 AM,2,14,1,,2,5
774,259,4:55:00 AM,1,16,1,,2,5
775,259,8:13:00 AM,2,14,1,,2,5
776,259,9:37:00 AM,2,14,1,,2,5
777,259,12:47:00 PM,1,16,1,,2,5
778,259,1:54:00 PM,1,16,1,,2,5
779,259,6:09:00 PM,1,16,1,,2,5
780,259,6:11:00 PM,1,16,1,,2,5
781,259,6:14:00 PM,1,16,1,,2,5
782,259,6:18:00 PM,1,16,1,,2,5
783,259,6:23:00 PM,1,16,1,,2,5
784,259,6:26:00 PM,1,16,1,,2,5
785,259,8:54:00 PM,2,14,1,,2,5
786,260,4:54:00 AM,2,14,1,,2,5
787,260,12:03:00 PM,1,16,1,,2,5
788,260,7:54:00 PM,1,16,1,,2,5
789,260,7:57:00 PM,1,16,1,,2,5
790,260,7:59:00 PM,1,16,1,,2,5
791,260,9:54:00 PM,2,14,1,,2,5
792,261,4:54:00 AM,2,14,1,,2,5
793,261,11:37:00 AM,2,14,1,,2,5
794,261,11:54:00 AM,2,14,1,,2,5
795,261,3:24:00 PM,2,14,1,,2,5
796,261,7:54:00 PM,1,16,1,,2,5
797,261,9:54:00 PM,2,14,1,,2,5
798,262,2:54:00 AM,2,14,1,,2,5
799,262,4:54:00 AM,2,14,1,,2,5
800,262,11:57:00 AM,2,14,1,,2,5
801,262,2:54:00 PM,2,14,1,,2,5
802,262,2:57:00 PM,1,16,1,,2,5
803,262,3:00:00 PM,2,14,1,,2,5
804,262,7:54:00 PM,2,14,1,,2,5
805,262,10:54:00 PM,2,14,1,,2,5
806,263,4:54:00 AM,2,14,1,,2,5
807,263,8:57:00 AM,2,14,1,,2,5
808,263,9:43:00 AM,1,16,1,,2,5
809,263,10:55:00 AM,2,14,1,,2,5
810,263,2:53:00 PM,2,14,1,,2,5
811,263,9:06:00 PM,1,16,1,,2,5
812,263,9:14:00 PM,1,16,1,,2,5
813,263,9:46:00 PM,2,14,1,,2,5
814,263,9:54:00 PM,2,14,1,,2,5
815,264,4:54:00 AM,1,16,1,,2,5
816,264,8:54:00 AM,2,14,1,,2,5
817,264,10:54:00 AM,1,16,1,,2,5
818,264,11:12:00 AM,1,16,1,,2,5
819,264,4:54:00 PM,2,14,1,,2,5
820,264,11:05:00 PM,2,14,1,,2,5
821,9,4:54:00 AM,1,16,1,,2,5
822,9,7:54:00 AM,2,14,1,,2,5
823,9,1:14:00 PM,1,16,1,,2,5
824,9,1:38:00 PM,1,16,1,,2,5
825,9,1:40:00 PM,2,14,1,,2,5
826,9,1:57:00 PM,1,16,1,,2,5
827,9,2:00:00 PM,1,16,1,,2,5
828,9,2:03:00 PM,1,16,1,,2,5
829,9,3:54:00 PM,2,14,1,,2,5
830,265,4:54:00 AM,2,14,1,,2,5
831,265,4:57:00 PM,1,16,1,,2,5
832,265,5:00:00 PM,1,16,1,,2,5
833,266,10:17:00 AM,1,16,1,,2,5
834,266,10:20:00 AM,1,16,1,,2,5
835,267,1:17:00 PM,1,16,1,,2,5
836,267,3:08:00 PM,0,49,1,,2,5
837,267,9:02:00 PM,1,16,1,,2,5
838,267,10:54:00 PM,2,14,1,,2,5
839,268,4:54:00 AM,1,16,1,,2,5
840,268,8:54:00 AM,2,14,1,,2,5
841,268,10:03:00 AM,1,16,1,,2,5
842,268,10:54:00 AM,2,14,1,,2,5
843,268,11:54:00 PM,2,14,1,,2,5
844,269,4:54:00 AM,2,14,1,,2,5
845,269,12:06:00 PM,2,14,1,,2,5
846,269,9:54:00 PM,1,16,1,,2,5
847,269,11:55:00 PM,1,16,1,,2,5
848,270,9:02:00 AM,1,16,1,,2,5
849,270,9:05:00 AM,1,16,1,,2,5
850,270,10:33:00 PM,2,14,1,,2,5
851,270,10:54:00 PM,1,16,1,,2,5
852,271,1:24:00 PM,2,14,1,,2,5
853,271,8:57:00 PM,2,14,1,,2,5
854,272,5:30:00 AM,1,16,1,,2,5
855,272,6:54:00 AM,1,16,1,,2,5
856,272,8:57:00 PM,2,14,1,,2,5
857,273,9:54:00 AM,2,14,1,,2,5
858,273,11:40:00 AM,1,16,1,,2,5
859,273,8:54:00 PM,2,14,1,,2,5
860,273,10:54:00 PM,2,14,1,,2,5
861,274,4:54:00 AM,1,16,1,,2,5
862,274,3:47:00 PM,1,16,1,,2,5
863,274,7:55:00 PM,1,16,1,,2,5
864,274,7:58:00 PM,1,16,1,,2,5
865,274,10:54:00 PM,2,14,1,,2,5
866,275,6:54:00 AM,1,16,1,,2,5
867,275,11:16:00 AM,1,16,1,,2,5
868,275,6:54:00 PM,2,14,1,,2,5
869,275,10:54:00 PM,2,14,1,,2,5
870,276,4:54:00 AM,2,14,1,,2,5
871,276,6:59:00 AM,2,14,1,,2,5
872,276,11:42:00 AM,1,16,1,,2,5
873,276,11:54:00 AM,2,14,1,,2,5
874,276,10:54:00 PM,2,14,1,,2,5
875,277,4:57:00 AM,1,16,1,,2,5
876,278,4:54:00 AM,1,16,1,,2,5
877,278,9:49:00 AM,1,16,1,,2,5
878,278,9:53:00 AM,1,16,1,,2,5
879,278,9:58:00 AM,1,16,1,,2,5
880,278,10:03:00 AM,1,16,1,,2,5
881,278,10:06:00 AM,1,16,1,,2,5
882,278,11:54:00 AM,1,16,1,,2,5
883,278,12:07:00 PM,2,14,1,,2,5
884,278,6:54:00 PM,1,16,1,,2,5
885,278,9:54:00 PM,2,14,1,,2,5
886,279,4:54:00 AM,1,16,1,,2,5
887,279,7:54:00 PM,1,16,1,,2,5
888,280,4:54:00 AM,1,16,1,,2,5
889,280,7:54:00 AM,1,16,1,,2,5
890,280,10:54:00 AM,1,16,1,,2,5
891,280,10:57:00 AM,1,16,1,,2,5
892,280,1:12:00 PM,2,14,1,,2,5
893,280,7:54:00 PM,1,16,1,,2,5
894,280,8:54:00 PM,1,16,1,,2,5
895,280,9:55:00 PM,2,14,1,,2,5
896,281,2:54:00 AM,2,14,1,,2,5
897,281,6:58:00 AM,1,16,1,,2,5
898,281,5:54:00 PM,1,16,1,,2,5
899,281,9:54:00 PM,2,14,1,,2,5
900,282,4:54:00 AM,2,14,1,,2,5
901,282,7:58:00 AM,1,16,1,,2,5
902,282,10:54:00 AM,1,16,1,,2,5
903,282,10:57:00 AM,1,16,1,,2,5
904,282,11:01:00 AM,1,16,1,,2,5
905,282,11:03:00 AM,1,16,1,,2,5
906,282,11:06:00 AM,1,16,1,,2,5
907,282,12:23:00 PM,1,16,1,,2,5
908,282,4:54:00 PM,1,16,1,,2,5
909,282,4:57:00 PM,1,16,1,,2,5
910,282,4:59:00 PM,1,16,1,,2,5
911,282,7:56:00 PM,1,16,1,,2,5
912,282,8:32:00 PM,1,16,1,,2,5
913,282,8:34:00 PM,1,16,1,,2,5
914,282,8:47:00 PM,1,16,1,,2,5
915,282,10:54:00 PM,1,16,1,,2,5
916,283,2:54:00 AM,1,16,1,,2,5
917,283,5:10:00 AM,1,16,1,,2,5
918,283,5:20:00 AM,1,16,1,,2,5
919,283,8:03:00 PM,1,16,1,,2,5
920,283,9:55:00 PM,1,16,1,,2,5
921,284,1:54:00 AM,2,14,1,,2,5
922,284,4:54:00 AM,2,14,1,,2,5
923,284,8:55:00 AM,1,16,1,,2,5
924,284,9:46:00 PM,1,16,1,,2,5
925,284,9:50:00 PM,1,16,1,,2,5
926,284,9:55:00 PM,1,16,1,,2,5
927,285,12:03:00 AM,1,16,1,,2,5
928,285,4:57:00 AM,1,16,1,,2,5
929,285,7:54:00 AM,1,16,1,,2,5
930,285,8:54:00 AM,1,16,1,,2,5
931,285,9:03:00 AM,0,49,1,,2,5
932,285,4:01:00 PM,1,16,1,,2,5
933,285,4:04:00 PM,1,16,1,,2,5
934,285,4:08:00 PM,1,16,1,,2,5
935,285,7:56:00 PM,1,16,1,,2,5
936,285,9:54:00 PM,2,14,1,,2,5
937,286,9:35:00 AM,2,14,1,,2,5
938,286,10:53:00 AM,1,16,1,,2,5
939,286,2:09:00 PM,1,16,1,,2,5
940,286,2:15:00 PM,1,16,1,,2,5
941,286,2:54:00 PM,1,16,1,,2,5
942,286,5:54:00 PM,1,16,1,,2,5
943,286,10:06:00 PM,1,16,1,,2,5
944,286,10:08:00 PM,1,16,1,,2,5
945,286,10:12:00 PM,1,16,1,,2,5
946,286,10:14:00 PM,1,16,1,,2,5
947,287,3:54:00 PM,2,14,1,,2,5
948,287,6:54:00 PM,2,14,1,,2,5
949,288,4:54:00 AM,2,14,1,,2,5
950,288,5:54:00 PM,1,16,1,,2,5
951,288,9:54:00 PM,2,14,1,,2,5
952,289,4:54:00 AM,1,16,1,,2,5
953,289,8:42:00 AM,1,16,1,,2,5
954,289,9:39:00 AM,1,16,1,,2,5
955,289,9:44:00 AM,1,16,1,,2,5
956,289,10:14:00 AM,1,16,1,,2,5
957,289,10:30:00 AM,1,16,1,,2,5
958,289,5:54:00 PM,1,16,1,,2,5
959,289,8:54:00 PM,2,14,1,,2,5
960,289,10:54:00 PM,2,14,1,,2,5
961,290,4:54:00 AM,2,14,1,,2,5
962,290,5:54:00 PM,2,14,1,,2,5
963,290,8:54:00 PM,2,14,1,,2,5
964,291,4:54:00 AM,1,16,1,,2,5
965,291,4:57:00 AM,1,16,1,,2,5
966,291,5:00:00 AM,1,16,1,,2,5
967,291,6:54:00 AM,1,16,1,,2,5
968,291,9:00:00 AM,1,16,1,,2,5
969,291,9:07:00 AM,1,16,1,,2,5
970,291,9:19:00 AM,2,14,1,,2,5
971,291,10:03:00 AM,2,14,1,,2,5
972,291,10:24:00 AM,2,14,1,,2,5
973,291,5:55:00 PM,1,16,1,,2,5
974,291,8:54:00 PM,2,14,1,,2,5
975,292,3:54:00 AM,1,16,1,,2,5
976,292,5:08:00 AM,1,16,1,,2,5
977,292,9:55:00 AM,2,14,1,,2,5
978,292,11:06:00 AM,2,14,1,,2,5
979,292,1:57:00 PM,2,14,1,,2,5
980,292,3:47:00 PM,1,16,1,,2,5
981,292,6:54:00 PM,1,16,1,,2,5
982,292,6:55:00 PM,1,16,1,,2,5
983,292,8:54:00 PM,2,14,1,,2,5
984,292,11:54:00 PM,2,14,1,,2,5
985,293,9:35:00 AM,2,14,1,,2,5
986,293,10:07:00 AM,2,14,1,,2,5
987,293,5:54:00 PM,1,16,1,,2,5
988,293,7:55:00 PM,1,16,1,,2,5
989,294,5:45:00 AM,0,49,1,,2,5
990,294,5:51:00 AM,1,16,1,,2,5
991,294,3:29:00 PM,2,14,1,,2,5
992,294,5:54:00 PM,1,16,1,,2,5
993,294,9:54:00 PM,2,14,1,,2,5
994,295,4:54:00 AM,1,16,1,,2,5
995,295,11:32:00 AM,1,16,1,,2,5
996,296,7:54:00 PM,1,16,1,,2,5
997,296,8:10:00 PM,1,16,1,,2,5
998,296,8:13:00 PM,1,16,1,,2,5
999,297,1:15:00 AM,1,16,1,,2,5
1000,297,5:06:00 AM,1,16,1,,2,5
1001,297,5:09:00 AM,1,16,1,,2,5
1002,297,5:43:00 AM,1,16,1,,2,5
1003,297,5:54:00 AM,1,16,1,,2,5
1004,297,6:55:00 PM,1,16,1,,2,5
1005,297,6:57:00 PM,1,16,1,,2,5
1006,297,7:01:00 PM,0,49,1,,2,5
1007,297,8:54:00 PM,1,16,1,,2,5
1008,298,4:57:00 AM,1,16,1,,2,5
1009,298,9:57:00 AM,1,16,1,,2,5
1010,298,9:59:00 AM,2,14,1,,2,5
1011,298,8:37:00 PM,1,16,1,,2,5
1012,298,8:54:00 PM,2,14,1,,2,5
1013,299,4:59:00 AM,1,16,1,,2,5
1014,299,6:24:00 AM,1,16,1,,2,5
1015,299,6:54:00 AM,1,16,1,,2,5
1016,299,7:08:00 AM,1,16,1,,2,5
1017,299,7:12:00 AM,1,16,1,,2,5
1018,299,11:54:00 AM,1,16,1,,2,5
1019,299,5:58:00 PM,1,16,1,,2,5
1020,299,6:54:00 PM,2,14,1,,2,5
1021,300,1:54:00 AM,2,14,1,,2,5
1022,300,4:54:00 AM,1,16,1,,2,5
1023,300,2:23:00 PM,1,16,1,,2,5
1024,301,3:29:00 AM,1,16,1,,2,5
1025,301,3:39:00 AM,1,16,1,,2,5
1026,301,5:54:00 AM,1,16,1,,2,5
1027,301,6:54:00 AM,1,16,1,,2,5
1028,301,8:54:00 PM,1,16,1,,2,5
1029,302,6:55:00 PM,1,16,1,,2,5
1030,302,6:58:00 PM,1,16,1,,2,5
1031,302,7:06:00 PM,1,16,1,,2,5
1032,302,8:54:00 PM,1,16,1,,2,5
1033,303,5:51:00 AM,1,16,1,,2,5
1034,303,2:05:00 PM,1,16,1,,2,5
1035,303,3:05:00 PM,1,16,1,,2,5
1036,303,4:54:00 PM,1,16,1,,2,5
1037,303,9:30:00 PM,1,16,1,,2,5
1038,303,10:54:00 PM,1,16,1,,2,5
1039,304,4:54:00 AM,1,16,1,,2,5
1040,304,7:54:00 AM,1,16,1,,2,5
1041,304,8:00:00 AM,1,16,1,,2,5
1042,305,4:55:00 AM,1,16,1,,2,5
1043,305,7:47:00 AM,1,16,1,,2,5
1044,305,7:01:00 PM,1,16,1,,2,5
1045,306,4:54:00 AM,1,16,1,,2,5
1046,306,5:59:00 AM,2,14,1,,2,5
1047,306,9:55:00 PM,1,16,1,,2,5
1048,306,10:00:00 PM,1,16,1,,2,5
1049,307,4:56:00 AM,1,16,1,,2,5
1050,307,10:29:00 AM,1,16,1,,2,5
1051,307,10:32:00 AM,1,16,1,,2,5
1052,307,10:36:00 AM,1,16,1,,2,5
1053,307,10:54:00 AM,2,14,1,,2,5
1054,307,12:54:00 PM,2,14,1,,2,5
1055,307,3:54:00 PM,1,16,1,,2,5
1056,307,6:54:00 PM,2,14,1,,2,5
1057,308,5:08:00 AM,1,16,1,,2,5
1058,308,5:54:00 AM,2,14,1,,2,5
1059,308,8:54:00 AM,2,14,1,,2,5
1060,308,3:10:00 PM,1,16,1,,2,5
1061,308,3:14:00 PM,1,16,1,,2,5
1062,308,3:19:00 PM,1,16,1,,2,5
1063,308,4:54:00 PM,1,16,1,,2,5
1064,309,4:54:00 AM,1,16,1,,2,5
1065,309,9:54:00 AM,1,16,1,,2,5
1066,309,11:56:00 AM,1,16,1,,2,5
1067,309,11:58:00 AM,1,16,1,,2,5
1068,309,5:07:00 PM,1,16,1,,2,5
1069,309,5:29:00 PM,1,16,1,,2,5
1070,309,5:38:00 PM,1,16,1,,2,5
1071,309,7:54:00 PM,2,14,1,,2,5
1072,310,5:02:00 AM,1,16,1,,2,5
1073,310,5:05:00 AM,1,16,1,,2,5
1074,311,4:54:00 AM,1,16,1,,2,5
1075,312,4:54:00 AM,1,16,1,,2,5
1076,312,4:57:00 AM,1,16,1,,2,5
1077,313,1:56:00 AM,1,16,1,,2,5
1078,313,1:59:00 AM,1,16,1,,2,5
1079,313,4:54:00 AM,1,16,1,,2,5
1080,313,5:54:00 PM,1,16,1,,2,5
1081,313,8:54:00 PM,1,16,1,,2,5
1082,314,5:01:00 AM,1,16,1,,2,5
1083,314,5:04:00 AM,1,16,1,,2,5
1084,314,5:10:00 AM,1,16,1,,2,5
1085,314,8:55:00 AM,1,16,1,,2,5
1086,314,5:48:00 PM,1,16,1,,2,5
1087,314,5:54:00 PM,1,16,1,,2,5
1088,314,8:54:00 PM,1,16,1,,2,5
1089,315,4:54:00 AM,1,16,1,,2,5
1090,315,10:54:00 PM,1,16,1,,2,5
1091,316,4:55:00 AM,1,16,1,,2,5
1092,316,4:32:00 PM,1,16,1,,2,5
1093,317,4:58:00 AM,1,16,1,,2,5
1094,317,8:54:00 AM,2,14,1,,2,5
1095,317,10:33:00 AM,2,14,1,,2,5
1096,317,1:22:00 PM,1,16,1,,2,5
1097,317,1:46:00 PM,0,49,1,,2,5
1098,317,1:49:00 PM,1,16,1,,2,5
1099,318,4:54:00 AM,1,16,1,,2,5
1100,318,4:57:00 AM,1,16,1,,2,5
1101,318,9:54:00 AM,1,16,1,,2,5
1102,318,11:55:00 AM,1,16,1,,2,5
1103,319,5:26:00 AM,1,16,1,,2,5
1104,319,5:29:00 AM,1,16,1,,2,5
1105,319,11:54:00 AM,2,14,1,,2,5
1106,320,4:57:00 AM,1,16,1,,2,5
1107,320,4:00:00 PM,1,16,1,,2,5
1108,320,4:05:00 PM,1,16,1,,2,5
1109,320,4:14:00 PM,1,16,1,,2,5
1110,320,6:54:00 PM,2,14,1,,2,5
1111,321,8:55:00 AM,1,16,1,,2,5
1112,321,8:58:00 AM,1,16,1,,2,5
1113,322,4:54:00 AM,1,16,1,,2,5
1114,322,9:12:00 AM,2,14,1,,2,5
1115,322,11:35:00 AM,1,16,1,,2,5
1116,323,4:54:00 AM,1,16,1,,2,5
1117,323,5:03:00 AM,1,16,1,,2,5
1118,323,5:08:00 AM,1,16,1,,2,5
1119,323,4:57:00 PM,1,16,1,,2,5
1120,323,6:54:00 PM,2,14,1,,2,5
1121,324,5:08:00 AM,1,16,1,,2,5
1122,324,5:26:00 AM,1,16,1,,2,5
1123,324,5:29:00 AM,1,16,1,,2,5
1124,324,5:44:00 AM,1,16,1,,2,5
1125,324,3:54:00 PM,1,16,1,,2,5
1126,324,6:54:00 PM,2,14,1,,2,5
1127,325,4:54:00 AM,1,16,1,,2,5
1128,325,3:57:00 PM,1,16,1,,2,5
1129,325,7:54:00 PM,2,14,1,,2,5
1130,326,4:54:00 AM,1,16,1,,2,5
1131,326,3:55:00 PM,1,16,1,,2,5
1132,326,7:55:00 PM,1,16,1,,2,5
1133,327,4:58:00 AM,1,16,1,,2,5
1134,327,3:54:00 PM,1,16,1,,2,5
1135,328,4:54:00 AM,2,14,1,,2,5
1136,328,3:54:00 PM,1,16,1,,2,5
1137,328,6:54:00 PM,1,16,1,,2,5
1138,329,4:54:00 AM,2,14,1,,2,5
1139,329,3:14:00 PM,2,14,1,,2,5
1140,329,3:54:00 PM,1,16,1,,2,5
1141,329,5:55:00 PM,1,16,1,,2,5
1142,330,4:54:00 AM,2,14,1,,2,5
1143,330,12:41:00 PM,1,16,1,,2,5
1144,330,12:46:00 PM,1,16,1,,2,5
1145,330,12:54:00 PM,1,16,1,,2,5
1146,330,3:54:00 PM,1,16,1,,2,5
1147,330,6:54:00 PM,1,16,1,,2,5
1148,331,4:54:00 AM,2,14,1,,2,5
1149,331,3:55:00 PM,1,16,1,,2,5
1150,331,5:54:00 PM,1,16,1,,2,5
1151,331,7:46:00 PM,2,14,1,,2,5
1152,332,4:54:00 AM,2,14,1,,2,5
1153,332,8:54:00 AM,1,16,1,,2,5
1154,332,8:57:00 AM,1,16,1,,2,5
1155,332,8:58:00 AM,1,16,1,,2,5
1156,332,12:54:00 PM,2,14,1,,2,5
1157,332,3:54:00 PM,1,16,1,,2,5
1158,333,4:54:00 AM,1,16,1,,2,5
1159,333,6:08:00 AM,1,16,1,,2,5
1160,333,6:12:00 AM,1,16,1,,2,5
1161,333,6:52:00 AM,0,49,1,,2,5
1162,333,7:54:00 AM,1,16,1,,2,5
1163,333,5:00:00 PM,1,16,1,,2,5
1164,333,5:15:00 PM,1,16,1,,2,5
1165,333,5:46:00 PM,2,14,1,,2,5
1166,333,5:54:00 PM,1,16,1,,2,5
1167,334,3:54:00 AM,1,16,1,,2,5
1168,334,4:54:00 AM,1,16,1,,2,5
1169,334,11:55:00 AM,1,16,1,,2,5
1170,334,11:59:00 AM,1,16,1,,2,5
1171,334,5:57:00 PM,1,16,1,,2,5
1172,334,6:05:00 PM,1,16,1,,2,5
1173,334,6:08:00 PM,1,16,1,,2,5
1174,334,6:12:00 PM,1,16,1,,2,5
1175,334,6:18:00 PM,1,16,1,,2,5
1176,334,6:23:00 PM,0,49,1,,2,5
1177,335,3:32:00 AM,1,16,1,,2,5
1178,335,3:37:00 AM,1,16,1,,2,5
1179,335,4:56:00 AM,1,16,1,,2,5
1180,335,9:54:00 AM,1,16,1,,2,5
1181,335,9:57:00 AM,1,16,1,,2,5
1182,335,4:55:00 PM,1,16,1,,2,5
1183,336,4:57:00 AM,1,16,1,,2,5
1184,336,6:54:00 AM,2,14,1,,2,5
1185,336,3:26:00 PM,1,16,1,,2,5
1186,336,3:28:00 PM,1,16,1,,2,5
1187,336,11:55:00 PM,1,16,1,,2,5
1188,337,4:54:00 PM,1,16,1,,2,5
1189,338,12:57:00 AM,1,16,1,,2,5
1190,338,5:01:00 AM,1,16,1,,2,5
1191,338,5:09:00 AM,1,16,1,,2,5
1192,338,5:13:00 AM,1,16,1,,2,5
1193,338,5:29:00 AM,1,16,1,,2,5
1194,338,4:55:00 PM,1,16,1,,2,5
1195,339,3:09:00 AM,1,16,1,,2,5
1196,339,4:31:00 PM,1,16,1,,2,5
1197,339,4:47:00 PM,1,16,1,,2,5
1198,339,4:50:00 PM,1,16,1,,2,5
1199,339,4:55:00 PM,1,16,1,,2,5
1200,340,1:54:00 AM,1,16,1,,2,5
1201,340,4:59:00 AM,2,14,1,,2,5
1202,340,5:54:00 AM,2,14,1,,2,5
1203,340,9:13:00 AM,2,14,1,,2,5
1204,340,1:58:00 PM,1,16,1,,2,5
1205,340,3:54:00 PM,1,16,1,,2,5
1206,341,4:54:00 AM,1,16,1,,2,5
1207,341,4:57:00 AM,1,16,1,,2,5
1208,342,5:25:00 AM,1,16,1,,2,5
1209,342,5:48:00 PM,2,14,1,,2,5
1210,342,5:54:00 PM,2,14,1,,2,5
1211,343,5:00:00 AM,1,16,1,,2,5
1212,343,5:03:00 AM,1,16,1,,2,5
1213,343,5:05:00 AM,1,16,1,,2,5
1214,343,5:08:00 AM,1,16,1,,2,5
1215,343,5:28:00 AM,1,16,1,,2,5
1216,343,5:31:00 AM,1,16,1,,2,5
1217,343,9:54:00 AM,2,14,1,,2,5
1218,343,4:50:00 PM,1,16,1,,2,5
1219,343,5:54:00 PM,1,16,1,,2,5
1220,344,5:29:00 AM,1,16,1,,2,5
1221,344,5:50:00 AM,1,16,1,,2,5
1222,344,4:00:00 PM,2,14,1,,2,5
1223,344,6:54:00 PM,2,14,1,,2,5
1224,345,4:55:00 AM,1,16,1,,2,5
1225,345,4:58:00 AM,1,16,1,,2,5
1226,345,3:55:00 PM,1,16,1,,2,5
1227,345,5:54:00 PM,2,14,1,,2,5
1228,346,4:59:00 AM,1,16,1,,2,5
1229,346,2:54:00 PM,1,16,1,,2,5
1230,346,2:57:00 PM,1,16,1,,2,5
1231,346,6:54:00 PM,1,16,1,,2,5
1232,347,5:34:00 AM,1,16,1,,2,5
1233,347,1:58:00 PM,1,16,1,,2,5
1234,347,2:02:00 PM,1,16,1,,2,5
1235,347,5:54:00 PM,1,16,1,,2,5
1236,348,3:03:00 AM,1,16,1,,2,5
1237,348,5:13:00 AM,1,16,1,,2,5
1238,348,10:54:00 AM,1,16,1,,2,5
1239,348,4:10:00 PM,1,16,1,,2,5
1240,348,4:14:00 PM,1,16,1,,2,5
1241,348,4:18:00 PM,1,16,1,,2,5
1242,348,4:21:00 PM,1,16,1,,2,5
1243,348,6:00:00 PM,1,16,1,,2,5
1244,348,11:40:00 PM,1,16,1,,2,5
1245,348,11:54:00 PM,1,16,1,,2,5
1246,349,10:54:00 AM,2,14,1,,2,5
1247,349,2:54:00 PM,1,16,1,,2,5
1248,349,10:56:00 PM,2,14,1,,2,5
1249,350,2:54:00 AM,2,14,1,,2,5
1250,350,7:55:00 AM,1,16,1,,2,5
1251,350,8:07:00 AM,1,16,1,,2,5
1252,350,8:12:00 AM,1,16,1,,2,5
1253,350,8:21:00 AM,1,16,1,,2,5
1254,350,8:31:00 AM,1,16,1,,2,5
1255,350,8:35:00 AM,1,16,1,,2,5
1256,350,8:38:00 AM,1,16,1,,2,5
1257,350,10:55:00 AM,1,16,1,,2,5
1258,350,12:54:00 PM,1,16,1,,2,5
1259,350,2:54:00 PM,2,14,1,,2,5
1260,350,4:54:00 PM,1,16,1,,2,5
1261,351,3:54:00 PM,2,14,1,,2,5
1262,351,4:32:00 PM,1,16,1,,2,5
1263,351,6:54:00 PM,2,14,1,,2,5
1264,351,10:04:00 PM,1,16,1,,2,5
1265,351,10:07:00 PM,1,16,1,,2,5
1266,352,1:54:00 AM,2,14,1,,2,5
1267,352,4:02:00 AM,1,16,1,,2,5
1268,352,4:10:00 AM,1,16,1,,2,5
1269,352,4:54:00 AM,2,14,1,,2,5
1270,352,1:54:00 PM,1,16,1,,2,5
1271,352,4:54:00 PM,1,16,1,,2,5
1272,352,4:57:00 PM,1,16,1,,2,5
1273,352,5:03:00 PM,1,16,1,,2,5
1274,353,10:54:00 AM,1,16,1,,2,5
1275,353,10:58:00 AM,1,16,1,,2,5
1276,353,2:54:00 PM,2,14,1,,2,5
1277,353,7:55:00 PM,1,16,1,,2,5
1278,353,11:54:00 PM,1,16,1,,2,5
1279,354,4:55:00 AM,1,16,1,,2,5
1280,354,2:54:00 PM,2,14,1,,2,5
1281,354,7:54:00 PM,1,16,1,,2,5
1282,354,11:46:00 PM,1,16,1,,2,5
1283,354,11:55:00 PM,1,16,1,,2,5
1284,355,2:54:00 AM,2,14,1,,2,5
1285,355,4:54:00 AM,1,16,1,,2,5
1286,355,9:54:00 AM,2,14,1,,2,5
1287,355,1:54:00 PM,1,16,1,,2,5
1288,355,8:55:00 PM,1,16,1,,2,5
1289,356,4:43:00 AM,1,16,1,,2,5
1290,356,4:54:00 AM,1,16,1,,2,5
1291,356,8:44:00 AM,2,14,1,,2,5
1292,356,8:54:00 AM,1,16,1,,2,5
1293,357,2:05:00 AM,1,16,1,,2,5
1294,357,1:20:00 PM,1,16,1,,2,5
1295,357,1:23:00 PM,1,16,1,,2,5
1296,357,1:32:00 PM,1,16,1,,2,5
1297,357,1:39:00 PM,1,16,1,,2,5
1298,358,4:54:00 AM,2,14,1,,2,5
1299,358,9:27:00 AM,2,14,1,,2,5
1300,358,9:54:00 AM,2,14,1,,2,5
1301,358,1:32:00 PM,2,14,1,,2,5
1302,358,4:54:00 PM,2,14,1,,2,5
1303,358,5:54:00 PM,1,16,1,,2,5
1304,358,10:44:00 PM,2,14,1,,2,5
1305,358,10:54:00 PM,2,14,1,,2,5
1306,359,4:54:00 AM,2,14,1,,2,5
1307,359,2:54:00 PM,2,14,1,,2,5
1308,359,4:54:00 PM,2,14,1,,2,5
1309,360,4:54:00 AM,2,14,1,,2,5
1310,360,10:54:00 AM,2,14,1,,2,5
1311,360,1:54:00 PM,2,14,1,,2,5
1312,361,4:54:00 AM,2,14,1,,2,5
1313,361,6:54:00 AM,2,14,1,,2,5
1314,361,10:54:00 AM,1,16,1,,2,5
1315,361,3:54:00 PM,2,14,1,,2,5
1316,361,8:24:00 PM,1,16,1,,2,5
1317,361,8:51:00 PM,1,16,1,,2,5
1318,361,11:54:00 PM,2,14,1,,2,5
1319,362,3:57:00 AM,1,16,1,,2,5
1320,362,4:04:00 AM,1,16,1,,2,5
1321,362,4:06:00 AM,1,16,1,,2,5
1322,362,4:54:00 AM,1,16,1,,2,5
1323,362,8:54:00 AM,2,14,1,,2,5
1324,362,1:10:00 PM,1,16,1,,2,5
1325,362,4:54:00 PM,1,16,1,,2,5
1326,362,8:54:00 PM,1,16,1,,2,5
1327,10,4:54:00 AM,2,14,1,,2,5
1328,10,1:21:00 PM,2,14,1,,2,5
1329,10,1:23:00 PM,2,14,1,,2,5
1330,363,3:54:00 AM,1,16,1,,2,5
1331,363,5:14:00 AM,1,16,1,,2,5
1332,363,5:16:00 AM,1,16,1,,2,5
1333,363,6:54:00 AM,2,14,1,,2,5
1334,363,10:19:00 AM,1,16,1,,2,5
1335,363,10:54:00 AM,1,16,1,,2,5
1336,363,11:02:00 AM,2,14,1,,2,5
1337,363,2:33:00 PM,1,16,1,,2,5
1338,363,2:54:00 PM,2,14,1,,2,5
1339,364,1:36:00 AM,2,14,1,,2,5
1340,364,1:38:00 AM,2,14,1,,2,5
1341,364,1:41:00 AM,1,16,1,,2,5
1342,364,4:54:00 AM,2,14,1,,2,5
1343,364,9:56:00 AM,1,16,1,,2,5
1344,364,10:06:00 AM,1,16,1,,2,5
1345,364,1:07:00 PM,1,16,1,,2,5
1346,365,4:54:00 AM,1,16,1,,2,5
1347,365,12:58:00 PM,1,16,1,,2,5
1348,365,1:04:00 PM,1,16,1,,2,5
1349,365,1:07:00 PM,0,49,1,,2,5
1350,365,3:54:00 PM,2,14,1,,2,5
1351,366,1:18:00 PM,1,16,1,,2,5
1352,366,4:55:00 PM,2,14,1,,2,5
1353,367,12:54:00 AM,2,14,1,,2,5
1354,367,5:25:00 AM,1,16,1,,2,5
1355,367,11:55:00 AM,1,16,1,,2,5
1356,367,3:54:00 PM,2,14,1,,2,5
1357,367,10:54:00 PM,1,16,1,,2,5
1358,368,4:54:00 AM,2,14,1,,2,5
1359,368,11:55:00 PM,1,16,1,,2,5
1360,369,4:54:00 AM,2,14,1,,2,5
1361,369,2:57:00 PM,1,16,1,,2,5
1362,369,10:55:00 PM,1,16,1,,2,5
1363,369,11:02:00 PM,1,16,1,,2,5
1364,369,11:05:00 PM,1,16,1,,2,5
1365,370,4:54:00 AM,1,16,1,,2,5
1366,370,6:59:00 PM,1,16,1,,2,5
1367,370,10:54:00 PM,1,16,1,,2,5
1368,371,4:54:00 AM,2,14,1,,2,5
1369,371,2:20:00 PM,1,16,1,,2,5
1370,371,4:54:00 PM,1,16,1,,2,5
1371,371,7:55:00 PM,1,16,1,,2,5
1372,371,7:58:00 PM,1,16,1,,2,5
1373,372,12:55:00 AM,1,16,1,,2,5
1374,372,4:54:00 AM,2,14,1,,2,5
1375,372,10:54:00 PM,2,14,1,,2,5
1376,373,4:54:00 AM,1,16,1,,2,5
1377,373,7:26:00 PM,1,16,1,,2,5
1378,374,12:54:00 AM,2,14,1,,2,5
1379,374,4:54:00 AM,2,14,1,,2,5
1380,374,10:54:00 PM,2,14,1,,2,5
1381,375,4:54:00 AM,2,14,1,,2,5
1382,375,7:54:00 PM,1,16,1,,2,5
1383,375,10:54:00 PM,1,16,1,,2,5
1384,376,4:54:00 AM,1,16,1,,2,5
1385,376,1:54:00 PM,1,16,1,,2,5
1386,376,6:26:00 PM,1,16,1,,2,5
1387,376,6:29:00 PM,1,16,1,,2,5
1388,376,9:55:00 PM,1,16,1,,2,5
1389,376,9:59:00 PM,1,16,1,,2,5
1390,376,10:13:00 PM,1,16,1,,2,5
1391,377,12:58:00 AM,1,16,1,,2,5
1392,377,1:19:00 AM,1,16,1,,2,5
1393,377,1:46:00 AM,1,16,1,,2,5
1394,377,4:54:00 AM,1,16,1,,2,5
1395,377,7:54:00 AM,1,16,1,,2,5
1396,377,7:58:00 AM,1,16,1,,2,5
1397,377,11:00:00 PM,1,16,1,,2,5
1398,378,4:54:00 AM,2,14,1,,2,5
1399,378,3:57:00 PM,1,16,1,,2,5
1400,378,9:44:00 PM,1,16,1,,2,5
1401,378,9:48:00 PM,1,16,1,,2,5
1402,378,9:58:00 PM,1,16,1,,2,5
1403,379,5:00:00 AM,1,16,1,,2,5
1404,379,5:03:00 AM,1,16,1,,2,5
1405,379,5:06:00 AM,1,16,1,,2,5
1406,379,5:09:00 AM,1,16,1,,2,5
1407,379,2:30:00 PM,1,16,1,,2,5
1408,379,2:33:00 PM,1,16,1,,2,5
1409,379,2:54:00 PM,1,16,1,,2,5
1410,380,4:54:00 AM,1,16,1,,2,5
1411,380,1:45:00 PM,1,16,1,,2,5
1412,380,1:55:00 PM,1,16,1,,2,5
1413,380,3:54:00 PM,2,14,1,,2,5
1414,380,11:54:00 PM,2,14,1,,2,5
1415,381,4:54:00 AM,2,14,1,,2,5
1416,382,4:54:00 AM,2,14,1,,2,5
1417,382,7:54:00 PM,1,16,1,,2,5
1418,382,9:56:00 PM,1,16,1,,2,5
1419,383,4:54:00 AM,2,14,1,,2,5
1420,383,3:19:00 PM,1,16,1,,2,5
1421,383,3:59:00 PM,1,16,1,,2,5
1422,384,2:54:00 AM,2,14,1,,2,5
1423,384,4:54:00 AM,2,14,1,,2,5
1424,384,9:45:00 AM,1,16,1,,2,5
1425,384,9:54:00 PM,2,14,1,,2,5
1426,384,9:57:00 PM,1,16,1,,2,5
1427,385,4:54:00 AM,1,16,1,,2,5
1428,385,10:54:00 AM,2,14,1,,2,5
1429,385,6:02:00 PM,1,16,1,,2,5
1430,385,6:06:00 PM,1,16,1,,2,5
1431,385,10:55:00 PM,1,16,1,,2,5
1432,385,11:02:00 PM,1,16,1,,2,5
1433,386,4:54:00 AM,2,14,1,,2,5
1434,386,1:57:00 PM,1,16,1,,2,5
1435,386,9:54:00 PM,1,16,1,,2,5
1436,387,1:57:00 AM,1,16,1,,2,5
1437,387,4:54:00 AM,2,14,1,,2,5
1438,387,6:01:00 AM,1,16,1,,2,5
1439,387,1:55:00 PM,1,16,1,,2,5
1440,387,5:55:00 PM,1,16,1,,2,5
1441,388,12:29:00 AM,1,16,1,,2,5
1442,388,4:54:00 AM,2,14,1,,2,5
1443,388,5:54:00 AM,1,16,1,,2,5
1444,388,8:55:00 AM,1,16,1,,2,5
1445,388,8:58:00 AM,1,16,1,,2,5
1446,388,9:01:00 AM,1,16,1,,2,5
1447,388,9:03:00 AM,1,16,1,,2,5
1448,388,11:54:00 AM,1,16,1,,2,5
1449,388,3:34:00 PM,1,16,1,,2,5
1450,388,3:59:00 PM,1,16,1,,2,5
1451,388,4:03:00 PM,1,16,1,,2,5
1452,388,7:55:00 PM,1,16,1,,2,5
1453,388,10:54:00 PM,2,14,1,,2,5
1454,389,4:54:00 AM,2,14,1,,2,5
1455,389,12:57:00 PM,2,14,1,,2,5
1456,389,1:17:00 PM,2,14,1,,2,5
1457,389,11:57:00 PM,2,14,1,,2,5
1458,390,4:54:00 AM,2,14,1,,2,5
1459,390,11:54:00 AM,1,16,1,,2,5
1460,390,11:57:00 AM,1,16,1,,2,5
1461,390,12:01:00 PM,1,16,1,,2,5
1462,390,1:15:00 PM,2,14,1,,2,5
1463,390,3:55:00 PM,1,16,1,,2,5
1464,390,4:00:00 PM,1,16,1,,2,5
1465,390,4:05:00 PM,1,16,1,,2,5
1466,390,4:29:00 PM,1,16,1,,2,5
1467,390,6:54:00 PM,1,16,1,,2,5
1468,390,6:57:00 PM,1,16,1,,2,5
1469,390,7:00:00 PM,1,16,1,,2,5
1470,390,7:04:00 PM,1,16,1,,2,5
1471,390,9:54:00 PM,1,16,1,,2,5
1472,391,4:54:00 AM,1,16,1,,2,5
1473,392,4:54:00 AM,2,14,1,,2,5
1474,392,12:59:00 PM,1,16,1,,2,5
1475,392,8:54:00 PM,2,14,1,,2,5
1476,392,9:28:00 PM,1,16,1,,2,5
1477,392,11:54:00 PM,2,14,1,,2,5
1478,393,4:54:00 AM,2,14,1,,2,5
1479,393,12:59:00 PM,2,14,1,,2,5
1480,393,3:55:00 PM,1,16,1,,2,5
1481,393,8:54:00 PM,1,16,1,,2,5
1482,393,10:54:00 PM,2,14,1,,2,5
1483,394,4:54:00 AM,2,14,1,,2,5
1484,394,1:04:00 PM,2,14,1,,2,5
1485,394,2:56:00 PM,1,16,1,,2,5
1486,394,5:57:00 PM,1,16,1,,2,5
1487,394,9:54:00 PM,2,14,1,,2,5
1488,395,4:54:00 AM,1,16,1,,2,5
1489,395,12:54:00 PM,2,14,1,,2,5
1490,395,4:54:00 PM,1,16,1,,2,5
1491,395,6:54:00 PM,2,14,1,,2,5
1492,396,12:54:00 AM,1,16,1,,2,5
1493,396,4:54:00 AM,1,16,1,,2,5
1494,396,5:54:00 AM,1,16,1,,2,5
1495,396,1:54:00 PM,1,16,1,,2,5
1496,396,6:54:00 PM,1,16,1,,2,5
1497,396,8:54:00 PM,1,16,1,,2,5
1498,397,4:54:00 AM,1,16,1,,2,5
1499,397,1:04:00 PM,1,16,1,,2,5
1500,397,1:06:00 PM,1,16,1,,2,5
1501,397,3:54:00 PM,2,14,1,,2,5
1502,398,4:54:00 AM,2,14,1,,2,5
1503,398,6:59:00 PM,1,16,1,,2,5
1504,398,7:07:00 PM,1,16,1,,2,5
1505,398,9:54:00 PM,1,16,1,,2,5
1506,399,4:54:00 AM,2,14,1,,2,5
1507,399,12:55:00 PM,1,16,1,,2,5
1508,399,4:11:00 PM,1,16,1,,2,5
1509,399,6:54:00 PM,1,16,1,,2,5
1510,399,8:54:00 PM,1,16,1,,2,5
1511,400,4:54:00 AM,1,16,1,,2,5
1512,400,6:54:00 PM,1,16,1,,2,5
1513,400,7:02:00 PM,1,16,1,,2,5
1514,400,7:05:00 PM,1,16,1,,2,5
1515,400,7:07:00 PM,1,16,1,,2,5
1516,400,9:04:00 PM,1,16,1,,2,5
1517,400,9:07:00 PM,1,16,1,,2,5
1518,401,4:54:00 AM,2,14,1,,2,5
1519,401,12:59:00 PM,1,16,1,,2,5
1520,401,8:54:00 PM,1,16,1,,2,5
1521,402,5:08:00 AM,1,16,1,,2,5
1522,402,5:11:00 AM,1,16,1,,2,5
1523,402,11:54:00 AM,1,16,1,,2,5
1524,402,1:54:00 PM,1,16,1,,2,5
1525,402,5:30:00 PM,1,16,1,,2,5
1526,403,12:05:00 AM,1,16,1,,2,5
1527,403,5:34:00 AM,1,16,1,,2,5
1528,403,4:54:00 PM,1,16,1,,2,5
1529,403,10:54:00 PM,2,14,1,,2,5
1530,404,4:54:00 AM,2,14,1,,2,5
1531,404,5:54:00 AM,1,16,1,,2,5
1532,404,5:55:00 PM,1,16,1,,2,5
1533,404,5:57:00 PM,1,16,1,,2,5
1534,404,9:54:00 PM,1,16,1,,2,5
1535,404,9:57:00 PM,1,16,1,,2,5
1536,405,4:54:00 AM,1,16,1,,2,5
1537,405,6:54:00 PM,2,14,1,,2,5
1538,406,1:02:00 AM,1,16,1,,2,5
1539,406,1:05:00 AM,1,16,1,,2,5
1540,406,4:54:00 AM,2,14,1,,2,5
1541,406,5:54:00 PM,1,16,1,,2,5
1542,406,6:59:00 PM,1,16,1,,2,5
1543,407,4:54:00 AM,1,16,1,,2,5
1544,407,4:57:00 AM,1,16,1,,2,5
1545,407,12:25:00 PM,1,16,1,,2,5
1546,407,4:58:00 PM,1,16,1,,2,5
1547,407,5:09:00 PM,1,16,1,,2,5
1548,407,5:12:00 PM,1,16,1,,2,5
1549,407,6:54:00 PM,1,16,1,,2,5
1550,407,10:54:00 PM,1,16,1,,2,5
1551,408,4:54:00 AM,2,14,1,,2,5
1552,408,12:10:00 PM,1,16,1,,2,5
1553,408,2:54:00 PM,2,14,1,,2,5
1554,408,7:46:00 PM,1,16,1,,2,5
1555,408,8:02:00 PM,1,16,1,,2,5
1556,409,3:00:00 AM,1,16,1,,2,5
1557,409,4:54:00 AM,1,16,1,,2,5
1558,409,8:08:00 PM,1,16,1,,2,5
1559,410,4:54:00 AM,2,14,1,,2,5
1560,410,6:56:00 PM,1,16,1,,2,5
1561,411,4:54:00 AM,1,16,1,,2,5
1562,411,11:38:00 AM,0,49,1,,2,5
1563,411,11:55:00 AM,1,16,1,,2,5
1564,411,11:57:00 AM,1,16,1,,2,5
1565,411,8:54:00 PM,1,16,1,,2,5
1566,412,4:54:00 AM,2,14,1,,2,5
1567,412,7:47:00 PM,1,16,1,,2,5
1568,412,7:54:00 PM,1,16,1,,2,5
1569,413,4:54:00 AM,1,16,1,,2,5
1570,413,11:38:00 AM,1,16,1,,2,5
1571,413,11:40:00 AM,1,16,1,,2,5
1572,413,11:45:00 AM,1,16,1,,2,5
1573,413,11:48:00 AM,0,49,1,,2,5
1574,413,3:54:00 PM,1,16,1,,2,5
1575,413,7:07:00 PM,2,14,1,,2,5
1576,413,9:56:00 PM,2,14,1,,2,5
1577,414,4:54:00 AM,1,16,1,,2,5
1578,414,3:36:00 PM,2,14,1,,2,5
1579,414,3:57:00 PM,2,14,1,,2,5
1580,415,4:54:00 AM,1,16,1,,2,5
1581,415,6:11:00 AM,1,16,1,,2,5
1582,415,6:13:00 AM,1,16,1,,2,5
1583,415,6:16:00 AM,1,16,1,,2,5
1584,415,6:21:00 AM,1,16,1,,2,5
1585,415,6:24:00 AM,1,16,1,,2,5
1586,415,6:35:00 AM,1,16,1,,2,5
1587,415,6:46:00 AM,1,16,1,,2,5
1588,415,10:59:00 AM,2,14,1,,2,5
1589,415,2:23:00 PM,2,14,1,,2,5
1590,415,9:54:00 PM,2,14,1,,2,5
1591,416,12:54:00 AM,2,14,1,,2,5
1592,416,4:54:00 AM,2,14,1,,2,5
1593,416,9:50:00 AM,2,14,1,,2,5
1594,416,8:19:00 PM,2,14,1,,2,5
1595,416,8:54:00 PM,2,14,1,,2,5
1596,416,9:57:00 PM,2,14,1,,2,5
1597,417,4:54:00 AM,2,14,1,,2,5
1598,417,10:54:00 AM,2,14,1,,2,5
1599,417,11:50:00 AM,1,16,1,,2,5
1600,417,6:54:00 PM,1,16,1,,2,5
1601,417,8:54:00 PM,2,14,1,,2,5
1602,418,4:54:00 AM,2,14,1,,2,5
1603,419,4:54:00 AM,2,14,1,,2,5
1604,419,12:54:00 PM,1,16,1,,2,5
1605,419,5:18:00 PM,1,16,1,,2,5
1606,419,6:56:00 PM,1,16,1,,2,5
1607,420,4:54:00 AM,2,14,1,,2,5
1608,420,10:55:00 PM,1,16,1,,2,5
1609,421,4:54:00 AM,2,14,1,,2,5
1610,422,4:54:00 AM,1,16,1,,2,5
1611,423,4:55:00 AM,1,16,1,,2,5
1612,423,4:58:00 AM,0,49,1,,2,5
1613,423,6:54:00 AM,1,16,1,,2,5
1614,423,11:18:00 AM,2,14,1,,2,5
1615,423,11:54:00 AM,2,14,1,,2,5
1616,423,1:12:00 PM,1,16,1,,2,5
1617,423,4:02:00 PM,2,14,1,,2,5
1618,423,9:58:00 PM,1,16,1,,2,5
1619,423,11:54:00 PM,2,14,1,,2,5
1620,11,4:54:00 AM,2,14,1,,2,5
1621,11,11:17:00 AM,2,14,1,,2,5
1622,11,12:05:00 PM,2,14,1,,2,5
1623,11,12:55:00 PM,1,16,1,,2,5
1624,11,1:03:00 PM,1,16,1,,2,5
1625,11,1:08:00 PM,1,16,1,,2,5
1626,11,1:11:00 PM,1,16,1,,2,5
1627,11,2:54:00 PM,2,14,1,,2,5
1628,11,3:54:00 PM,2,14,1,,2,5
1629,424,4:54:00 AM,2,14,1,,2,5
1630,424,12:37:00 PM,1,16,1,,2,5
1631,424,10:54:00 PM,2,14,1,,2,5
1632,425,4:54:00 AM,2,14,1,,2,5
1633,425,10:37:00 AM,1,16,1,,2,5
1634,426,4:54:00 AM,2,14,1,,2,5
1635,427,4:17:00 PM,2,14,1,,2,5
1636,427,4:20:00 PM,2,14,1,,2,5
1637,428,4:54:00 AM,2,14,1,,2,5
1638,429,3:54:00 AM,2,14,1,,2,5
1639,429,4:54:00 AM,2,14,1,,2,5
1640,429,8:55:00 AM,1,16,1,,2,5
1641,429,10:54:00 AM,2,14,1,,2,5
1642,429,10:54:00 PM,2,14,1,,2,5
1643,430,4:54:00 AM,2,14,1,,2,5
1644,431,4:54:00 AM,2,14,1,,2,5
1645,431,11:54:00 AM,2,14,1,,2,5
1646,432,4:54:00 AM,2,14,1,,2,5
1647,433,4:54:00 AM,2,14,1,,2,5
1648,433,7:09:00 PM,1,16,1,,2,5
1649,434,4:54:00 AM,2,14,1,,2,5
1650,434,12:27:00 PM,2,14,1,,2,5
1651,434,11:54:00 PM,1,16,1,,2,5
1652,435,4:55:00 AM,0,49,1,,2,5
1653,435,5:28:00 AM,1,16,1,,2,5
1654,435,5:34:00 AM,1,16,1,,2,5
1655,435,8:57:00 AM,2,14,1,,2,5
1656,436,4:54:00 AM,2,14,1,,2,5
1657,437,4:54:00 AM,2,14,1,,2,5
1658,438,4:54:00 AM,2,14,1,,2,5
1659,438,8:54:00 AM,2,14,1,,2,5
1660,439,5:09:00 AM,2,14,1,,2,5
1661,439,7:54:00 PM,2,14,1,,2,5
1662,439,9:54:00 PM,2,14,1,,2,5
1663,440,1:54:00 AM,2,14,1,,2,5
1664,440,4:54:00 AM,1,16,1,,2,5
1665,440,8:47:00 PM,2,14,1,,2,5
1666,441,4:54:00 AM,2,14,1,,2,5
1667,441,1:42:00 PM,2,14,1,,2,5
1668,441,11:54:00 PM,2,14,1,,2,5
1669,442,5:26:00 AM,1,16,1,,2,5
1670,442,7:54:00 PM,1,16,1,,2,5
1671,442,9:54:00 PM,2,14,1,,2,5
1672,443,4:54:00 AM,2,14,1,,2,5
1673,443,9:54:00 AM,2,14,1,,2,5
1674,444,5:07:00 AM,2,14,1,,2,5
1675,445,4:54:00 AM,2,14,1,,2,5
1676,445,6:54:00 PM,2,14,1,,2,5
1677,446,4:54:00 AM,2,14,1,,2,5
1678,447,4:54:00 AM,2,14,1,,2,5
1679,448,4:54:00 AM,1,16,1,,2,5
1680,449,4:54:00 AM,2,14,1,,2,5
1681,450,1:54:00 AM,2,14,1,,2,5
1682,450,4:54:00 AM,1,16,1,,2,5
1683,450,7:55:00 AM,1,16,1,,2,5
1684,450,8:02:00 AM,1,16,1,,2,5
1685,450,7:54:00 PM,2,14,1,,2,5
1686,451,5:40:00 AM,1,16,1,,2,5
1687,452,4:54:00 AM,1,16,1,,2,5
1688,452,10:54:00 PM,2,14,1,,2,5
1689,453,4:54:00 AM,1,16,1,,2,5
1690,454,5:08:00 AM,2,14,1,,2,5
1691,455,4:55:00 AM,1,16,1,,2,5
1692,456,5:22:00 AM,1,16,1,,2,5
1693,456,5:27:00 AM,1,16,1,,2,5
1694,456,5:30:00 AM,1,16,1,,2,5
1695,456,4:54:00 PM,2,14,1,,2,5
1696,457,5:30:00 AM,1,16,1,,2,5
1697,457,9:54:00 AM,1,16,1,,2,5
1698,457,3:55:00 PM,1,16,1,,2,5
1699,458,2:58:00 PM,2,14,1,,2,5
1700,458,3:23:00 PM,1,16,1,,2,5
1701,459,4:54:00 AM,2,14,1,,2,5
1702,459,4:54:00 PM,2,14,1,,2,5
1703,460,4:54:00 AM,2,14,1,,2,5
1704,460,10:29:00 AM,1,16,1,,2,5
1705,460,10:41:00 AM,1,16,1,,2,5
1706,460,10:48:00 AM,1,16,1,,2,5
1707,12,12:52:00 PM,2,14,1,,2,5
1708,461,4:55:00 AM,1,16,1,,2,5
1709,462,3:54:00 AM,1,16,1,,2,5
1710,462,4:54:00 AM,1,16,1,,2,5
1711,463,5:01:00 AM,2,14,1,,2,5
1712,463,5:04:00 AM,2,14,1,,2,5
1713,463,5:07:00 AM,1,16,1,,2,5
1714,463,5:11:00 AM,2,14,1,,2,5
1715,463,5:13:00 AM,1,16,1,,2,5
1716,463,2:54:00 PM,2,14,1,,2,5
1717,464,4:55:00 AM,1,16,1,,2,5
1718,464,4:57:00 AM,2,14,1,,2,5
1719,464,5:00:00 AM,1,16,1,,2,5
1720,464,5:03:00 AM,2,14,1,,2,5
1721,465,5:30:00 AM,1,16,1,,2,5
1722,465,5:37:00 AM,1,16,1,,2,5
1723,465,5:43:00 AM,1,16,1,,2,5
1724,465,11:50:00 AM,2,14,1,,2,5
1725,465,1:27:00 PM,2,14,1,,2,5
1726,466,4:54:00 AM,2,14,1,,2,5
1727,467,4:54:00 AM,2,14,1,,2,5
1728,468,4:54:00 AM,2,14,1,,2,5
1729,469,4:54:00 AM,2,14,1,,2,5
1730,470,5:47:00 AM,1,16,1,,2,5
1731,470,5:54:00 AM,1,16,1,,2,5
1732,471,5:34:00 AM,1,16,1,,2,5
1733,471,5:36:00 AM,1,16,1,,2,5
1734,471,5:40:00 AM,1,16,1,,2,5
1735,471,12:35:00 PM,1,16,1,,2,5
1736,471,12:36:00 PM,2,14,1,,2,5
1737,472,5:38:00 AM,1,16,1,,2,5
1738,472,7:45:00 AM,1,16,1,,2,5
1739,472,8:07:00 AM,1,16,1,,2,5
1740,472,8:14:00 AM,1,16,1,,2,5
1741,472,8:17:00 AM,1,16,1,,2,5
1742,472,8:29:00 AM,1,16,1,,2,5
1743,472,8:32:00 AM,1,16,1,,2,5
1744,472,8:34:00 AM,1,16,1,,2,5
1745,472,8:37:00 AM,1,16,1,,2,5
1746,473,4:54:00 AM,1,16,1,,2,5
1747,473,4:59:00 AM,1,16,1,,2,5
1748,474,5:26:00 AM,1,16,1,,2,5
1749,475,4:54:00 AM,1,16,1,,2,5
1750,476,6:20:00 AM,1,16,1,,2,5
1751,477,4:58:00 AM,2,14,1,,2,5
1752,477,10:56:00 PM,2,14,1,,2,5
1753,478,5:46:00 AM,1,16,1,,2,5
1754,478,6:05:00 AM,1,16,1,,2,5
1755,478,9:54:00 AM,2,14,1,,2,5
1756,479,6:00:00 AM,1,16,1,,2,5
1757,479,6:14:00 AM,1,16,1,,2,5
1758,479,8:54:00 AM,1,16,1,,2,5
1759,480,5:14:00 AM,1,16,1,,2,5
1760,480,5:56:00 AM,1,16,1,,2,5
1761,481,4:56:00 AM,1,16,1,,2,5
1762,482,5:02:00 AM,1,16,1,,2,5
1763,482,5:54:00 AM,1,16,1,,2,5
1764,483,5:38:00 AM,1,16,1,,2,5
1765,483,5:45:00 AM,1,16,1,,2,5
1766,483,10:00:00 PM,2,14,1,,2,5
1767,484,5:12:00 AM,1,16,1,,2,5
1768,484,5:33:00 AM,1,16,1,,2,5
1769,484,5:36:00 AM,1,16,1,,2,5
1770,484,5:54:00 AM,1,16,1,,2,5
1771,484,5:57:00 AM,1,16,1,,2,5
1772,484,6:02:00 AM,1,16,1,,2,5
1773,484,6:04:00 AM,1,16,1,,2,5
1774,484,2:14:00 PM,1,16,1,,2,5
1775,484,2:22:00 PM,1,16,1,,2,5
1776,484,2:25:00 PM,2,14,1,,2,5
1777,485,2:54:00 AM,2,14,1,,2,5
1778,485,5:23:00 AM,1,16,1,,2,5
1779,485,6:08:00 AM,1,16,1,,2,5
1780,486,4:56:00 AM,1,16,1,,2,5
1781,486,4:59:00 AM,1,16,1,,2,5
1782,486,7:54:00 AM,2,14,1,,2,5
1783,486,7:57:00 AM,2,14,1,,2,5
1784,487,5:22:00 AM,1,16,1,,2,5
1785,487,5:54:00 AM,1,16,1,,2,5
1786,488,2:54:00 AM,1,16,1,,2,5
1787,488,4:54:00 AM,1,16,1,,2,5
1788,488,5:55:00 AM,1,16,1,,2,5
1789,488,5:57:00 AM,1,16,1,,2,5
1790,489,5:07:00 AM,1,16,1,,2,5
1791,489,5:29:00 AM,1,16,1,,2,5
1792,490,4:55:00 AM,1,16,1,,2,5
1793,490,4:58:00 AM,1,16,1,,2,5
1794,490,5:05:00 AM,1,16,1,,2,5
1795,490,5:17:00 AM,1,16,1,,2,5
1796,490,5:19:00 AM,1,16,1,,2,5
1797,490,5:22:00 AM,1,16,1,,2,5
1798,490,5:25:00 AM,1,16,1,,2,5
1799,490,5:29:00 AM,1,16,1,,2,5
1800,490,4:57:00 PM,2,14,1,,2,5
1801,491,5:02:00 AM,1,16,1,,2,5
1802,492,4:54:00 AM,1,16,1,,2,5
1803,492,5:02:00 AM,1,16,1,,2,5
1804,492,5:05:00 AM,1,16,1,,2,5
1805,492,2:54:00 PM,1,16,1,,2,5
1806,493,4:58:00 AM,1,16,1,,2,5
1807,493,5:54:00 AM,2,14,1,,2,5
1808,493,11:14:00 AM,2,14,1,,2,5
1809,493,11:54:00 AM,2,14,1,,2,5
1810,494,5:22:00 AM,1,16,1,,2,5
1811,494,11:55:00 AM,1,16,1,,2,5
1812,495,4:54:00 AM,2,14,1,,2,5
1813,496,1:13:00 AM,0,49,1,,2,5
1814,496,4:55:00 AM,1,16,1,,2,5
1815,497,4:54:00 AM,1,16,1,,2,5
1816,498,4:54:00 AM,2,14,1,,2,5
1817,499,5:06:00 AM,1,16,1,,2,5
1818,500,1:54:00 AM,1,16,1,,2,5
1819,500,4:54:00 AM,2,14,1,,2,5
1820,501,1:54:00 AM,1,16,1,,2,5
1821,501,4:54:00 AM,2,14,1,,2,5
1822,501,10:55:00 PM,1,16,1,,2,5
1823,502,4:54:00 AM,2,14,1,,2,5
1824,502,9:54:00 AM,1,16,1,,2,5
1825,503,4:54:00 AM,2,14,1,,2,5
1826,504,4:54:00 AM,1,16,1,,2,5
1827,505,3:54:00 AM,1,16,1,,2,5
1828,505,4:54:00 AM,2,14,1,,2,5
1829,506,4:54:00 AM,1,16,1,,2,5
1830,507,4:54:00 AM,2,14,1,,2,5
1831,507,5:56:00 PM,1,16,1,,2,5
1832,508,3:54:00 AM,2,14,1,,2,5
1833,508,4:54:00 AM,2,14,1,,2,5
1834,509,4:54:00 AM,1,16,1,,2,5
1835,509,2:54:00 PM,2,14,1,,2,5
1836,510,4:54:00 AM,2,14,1,,2,5
1837,511,4:19:00 AM,1,16,1,,2,5
1838,511,4:38:00 AM,1,16,1,,2,5
1839,511,4:54:00 AM,1,16,1,,2,5
1840,511,5:57:00 AM,1,16,1,,2,5
1841,512,4:55:00 AM,1,16,1,,2,5
1842,512,2:56:00 PM,0,49,1,,2,5
1843,513,4:06:00 AM,1,16,1,,2,5
1844,513,4:25:00 AM,1,16,1,,2,5
1845,513,4:58:00 AM,1,16,1,,2,5
1846,513,5:54:00 AM,2,14,1,,2,5
1847,513,10:59:00 AM,1,16,1,,2,5
1848,513,5:59:00 PM,1,16,1,,2,5
1849,513,6:05:00 PM,1,16,1,,2,5
1850,513,6:08:00 PM,1,16,1,,2,5
1851,514,3:55:00 AM,1,16,1,,2,5
1852,514,3:59:00 AM,1,16,1,,2,5
1853,514,4:03:00 AM,1,16,1,,2,5
1854,514,4:54:00 AM,1,16,1,,2,5
1855,514,10:04:00 AM,2,14,1,,2,5
1856,514,10:17:00 AM,2,14,1,,2,5
1857,514,1:54:00 PM,2,14,1,,2,5
1858,515,4:54:00 AM,2,14,1,,2,5
1859,515,10:57:00 AM,1,16,1,,2,5
1860,516,6:00:00 PM,1,16,1,,2,5
1861,517,5:44:00 AM,1,16,1,,2,5
1862,517,8:55:00 AM,1,16,1,,2,5
1863,517,11:54:00 AM,2,14,1,,2,5
1864,518,5:01:00 AM,1,16,1,,2,5
1865,518,5:54:00 AM,1,16,1,,2,5
1866,519,4:54:00 AM,1,16,1,,2,5
1867,520,12:54:00 AM,1,16,1,,2,5
1868,520,3:10:00 AM,1,16,1,,2,5
1869,520,4:54:00 AM,2,14,1,,2,5
1870,521,4:54:00 AM,1,16,1,,2,5
1871,522,4:54:00 AM,2,14,1,,2,5
1872,522,10:54:00 AM,2,14,1,,2,5
1873,523,4:54:00 AM,1,16,1,,2,5
1874,523,8:55:00 AM,1,16,1,,2,5
1875,523,8:58:00 AM,1,16,1,,2,5
1876,524,4:54:00 AM,1,16,1,,2,5
1877,524,4:58:00 AM,1,16,1,,2,5
1878,524,5:01:00 AM,1,16,1,,2,5
1879,524,1:57:00 PM,1,16,1,,2,5
1880,524,3:54:00 PM,2,14,1,,2,5
1881,525,4:54:00 AM,1,16,1,,2,5
1882,526,5:08:00 AM,1,16,1,,2,5
1883,526,12:31:00 PM,1,16,1,,2,5
1884,526,12:33:00 PM,1,16,1,,2,5
1885,526,12:37:00 PM,1,16,1,,2,5
1886,526,12:40:00 PM,1,16,1,,2,5
1887,526,12:54:00 PM,1,16,1,,2,5
1888,527,4:54:00 AM,1,16,1,,2,5
1889,527,9:54:00 PM,2,14,1,,2,5
1890,528,5:21:00 AM,1,16,1,,2,5
1891,529,9:50:00 AM,2,14,1,,2,5
1892,529,9:57:00 AM,2,14,1,,2,5
1893,529,11:54:00 PM,1,16,1,,2,5
1894,530,1:54:00 AM,1,16,1,,2,5
1895,530,4:55:00 AM,1,16,1,,2,5
1896,531,2:54:00 AM,1,16,1,,2,5
1897,531,4:54:00 AM,1,16,1,,2,5
1898,531,9:54:00 AM,1,16,1,,2,5
1899,531,2:52:00 PM,1,16,1,,2,5
1900,532,4:54:00 AM,1,16,1,,2,5
1901,533,2:54:00 AM,1,16,1,,2,5
1902,533,4:54:00 AM,1,16,1,,2,5
1903,533,7:54:00 AM,1,16,1,,2,5
1904,533,10:26:00 AM,1,16,1,,2,5
1905,533,10:30:00 AM,0,49,1,,2,5
1906,533,5:54:00 PM,2,14,1,,2,5
1907,534,1:04:00 PM,1,16,1,,2,5
1908,534,3:44:00 PM,1,16,1,,2,5
1909,535,2:12:00 AM,1,16,1,,2,5
1910,535,5:07:00 AM,1,16,1,,2,5
1911,535,5:27:00 AM,1,16,1,,2,5
1912,535,2:38:00 PM,1,16,1,,2,5
1913,535,2:49:00 PM,0,49,1,,2,5
1914,535,3:12:00 PM,2,14,1,,2,5
1915,535,10:54:00 PM,1,16,1,,2,5
1916,536,1:54:00 AM,1,16,1,,2,5
1917,536,4:59:00 AM,1,16,1,,2,5
1918,536,5:03:00 AM,1,16,1,,2,5
1919,536,5:13:00 AM,1,16,1,,2,5
1920,536,5:16:00 AM,1,16,1,,2,5
1921,536,5:19:00 AM,1,16,1,,2,5
1922,536,3:10:00 PM,1,16,1,,2,5
1923,536,3:54:00 PM,2,14,1,,2,5
1924,537,4:54:00 AM,2,14,1,,2,5
1925,537,8:27:00 AM,2,14,1,,2,5
1926,537,10:19:00 AM,1,16,1,,2,5
1927,537,10:52:00 AM,1,16,1,,2,5
1928,537,5:54:00 PM,1,16,1,,2,5
1929,537,9:55:00 PM,1,16,1,,2,5
1930,538,4:55:00 AM,1,16,1,,2,5
1931,539,3:54:00 AM,1,16,1,,2,5
1932,539,5:03:00 AM,1,16,1,,2,5
1933,539,5:05:00 AM,1,16,1,,2,5
1934,539,5:09:00 AM,1,16,1,,2,5
1935,539,5:55:00 AM,1,16,1,,2,5
1936,539,10:58:00 AM,1,16,1,,2,5
1937,539,11:54:00 AM,1,16,1,,2,5
1938,539,4:54:00 PM,1,16,1,,2,5
1939,540,1:04:00 PM,1,16,1,,2,5
1940,541,12:35:00 AM,1,16,1,,2,5
1941,541,3:02:00 AM,1,16,1,,2,5
1942,541,5:14:00 AM,2,14,1,,2,5
1943,541,11:01:00 AM,1,16,1,,2,5
1944,542,12:43:00 AM,1,16,1,,2,5
1945,542,12:47:00 AM,1,16,1,,2,5
1946,542,12:52:00 AM,1,16,1,,2,5
1947,542,4:54:00 AM,2,14,1,,2,5
1948,542,5:00:00 PM,1,16,1,,2,5
1949,542,10:15:00 PM,1,16,1,,2,5
1950,542,10:57:00 PM,1,16,1,,2,5
1951,543,1:08:00 AM,1,16,1,,2,5
1952,543,1:11:00 AM,1,16,1,,2,5
1953,543,4:55:00 AM,1,16,1,,2,5
1954,543,6:55:00 AM,1,16,1,,2,5
1955,544,12:55:00 PM,1,16,1,,2,5
1956,544,12:59:00 PM,1,16,1,,2,5
1957,544,1:02:00 PM,1,16,1,,2,5
1958,544,1:37:00 PM,1,16,1,,2,5
1959,544,1:47:00 PM,2,14,1,,2,5
1960,545,12:40:00 AM,1,16,1,,2,5
1961,545,12:55:00 AM,1,16,1,,2,5
1962,545,2:54:00 AM,1,16,1,,2,5
1963,545,2:57:00 AM,1,16,1,,2,5
1964,545,3:01:00 AM,1,16,1,,2,5
1965,545,3:06:00 AM,1,16,1,,2,5
1966,545,3:09:00 AM,1,16,1,,2,5
1967,545,9:58:00 AM,1,16,1,,2,5
1968,545,10:01:00 AM,1,16,1,,2,5
1969,545,10:05:00 AM,1,16,1,,2,5
1970,545,4:54:00 PM,1,16,1,,2,5
1971,546,3:59:00 AM,1,16,1,,2,5
1972,546,4:54:00 AM,1,16,1,,2,5
1973,546,4:57:00 AM,1,16,1,,2,5
1974,546,7:54:00 AM,2,14,1,,2,5
1975,547,1:57:00 AM,1,16,1,,2,5
1976,547,11:40:00 AM,1,16,1,,2,5
1977,547,11:54:00 AM,1,16,1,,2,5
1978,547,1:54:00 PM,1,16,1,,2,5
1979,548,2:55:00 AM,1,16,1,,2,5
1980,548,10:54:00 AM,1,16,1,,2,5
1981,549,1:56:00 AM,1,16,1,,2,5
1982,549,5:09:00 AM,1,16,1,,2,5
1983,549,5:55:00 AM,1,16,1,,2,5
1984,549,8:16:00 AM,2,14,1,,2,5
1985,549,8:54:00 PM,2,14,1,,2,5
1986,549,11:54:00 PM,2,14,1,,2,5
1987,550,4:54:00 AM,1,16,1,,2,5
1988,551,1:36:00 PM,1,16,1,,2,5
1989,552,1:54:00 AM,2,14,1,,2,5
1990,552,10:20:00 AM,1,16,1,,2,5
1991,552,3:25:00 PM,1,16,1,,2,5
1992,552,3:40:00 PM,1,16,1,,2,5
1993,552,3:58:00 PM,1,16,1,,2,5
1994,552,4:01:00 PM,2,14,1,,2,5
1995,553,12:54:00 AM,2,14,1,,2,5
1996,553,3:55:00 AM,2,14,1,,2,5
1997,553,4:57:00 AM,1,16,1,,2,5
1998,553,10:27:00 AM,2,14,1,,2,5
1999,553,10:31:00 AM,2,14,1,,2,5
2000,553,11:28:00 AM,1,16,1,,2,5
2001,553,11:31:00 AM,1,16,1,,2,5
2002,553,1:46:00 PM,1,16,1,,2,5
2003,553,1:54:00 PM,1,16,1,,2,5
2004,553,2:48:00 PM,2,14,1,,2,5
2005,553,4:56:00 PM,1,16,1,,2,5
2006,553,4:58:00 PM,1,16,1,,2,5
2007,554,4:54:00 AM,2,14,1,,2,5
2008,554,1:54:00 PM,2,14,1,,2,5
2009,554,7:54:00 PM,2,14,1,,2,5
2010,554,11:54:00 PM,1,16,1,,2,5
2011,555,4:14:00 AM,2,14,1,,2,5
2012,555,4:54:00 AM,2,14,1,,2,5
2013,555,9:26:00 AM,0,49,1,,2,5
2014,555,9:31:00 AM,1,16,1,,2,5
2015,555,10:46:00 AM,2,14,1,,2,5
2016,555,10:52:00 AM,1,16,1,,2,5
2017,555,9:54:00 PM,1,16,1,,2,5
2018,555,11:54:00 PM,1,16,1,,2,5
2019,556,1:54:00 AM,1,16,1,,2,5
2020,556,4:56:00 AM,1,16,1,,2,5
2021,556,5:05:00 AM,1,16,1,,2,5
2022,556,5:17:00 AM,1,16,1,,2,5
2023,556,5:26:00 AM,1,16,1,,2,5
2024,556,5:28:00 AM,1,16,1,,2,5
2025,556,9:08:00 AM,2,14,1,,2,5
2026,556,1:00:00 PM,2,14,1,,2,5
2027,556,2:01:00 PM,2,14,1,,2,5
2028,556,3:58:00 PM,2,14,1,,2,5
2029,557,4:54:00 AM,1,16,1,,2,5
2030,557,10:36:00 AM,1,16,1,,2,5
2031,557,10:43:00 AM,0,49,1,,2,5
2032,557,10:45:00 AM,1,16,1,,2,5
2033,557,11:24:00 AM,1,16,1,,2,5
2034,557,1:47:00 PM,1,16,1,,2,5
2035,557,2:36:00 PM,2,14,1,,2,5
2036,557,4:15:00 PM,2,14,1,,2,5
2037,558,4:54:00 AM,2,14,1,,2,5
2038,558,10:17:00 AM,1,16,1,,2,5
2039,558,12:16:00 PM,2,14,1,,2,5
2040,558,12:24:00 PM,2,14,1,,2,5
2041,558,12:38:00 PM,2,14,1,,2,5
2042,558,2:50:00 PM,2,14,1,,2,5
2043,559,4:54:00 AM,2,14,1,,2,5
2044,559,9:23:00 AM,1,16,1,,2,5
2045,559,11:27:00 AM,1,16,1,,2,5
2046,559,11:50:00 AM,2,14,1,,2,5
2047,559,3:22:00 PM,1,16,1,,2,5
2048,559,3:55:00 PM,1,16,1,,2,5
2049,559,3:58:00 PM,1,16,1,,2,5
2050,559,4:01:00 PM,1,16,1,,2,5
2051,559,4:06:00 PM,1,16,1,,2,5
2052,559,10:54:00 PM,1,16,1,,2,5
2053,560,12:54:00 AM,1,16,1,,2,5
2054,560,4:54:00 AM,1,16,1,,2,5
2055,560,8:35:00 AM,2,14,1,,2,5
2056,560,11:17:00 AM,1,16,1,,2,5
2057,561,10:42:00 AM,1,16,1,,2,5
2058,561,11:05:00 AM,1,16,1,,2,5
2059,561,11:09:00 AM,1,16,1,,2,5
2060,561,11:18:00 AM,1,16,1,,2,5
2061,561,11:19:00 AM,2,14,1,,2,5
2062,561,11:26:00 AM,2,14,1,,2,5
2063,561,11:42:00 AM,1,16,1,,2,5
2064,561,11:52:00 AM,1,16,1,,2,5
2065,561,11:55:00 AM,1,16,1,,2,5
2066,561,11:57:00 AM,1,16,1,,2,5
2067,562,12:05:00 AM,2,14,1,,2,5
2068,562,9:09:00 AM,1,16,1,,2,5
2069,562,9:36:00 AM,1,16,1,,2,5
2070,562,9:56:00 AM,1,16,1,,2,5
2071,562,10:00:00 AM,1,16,1,,2,5
2072,562,10:03:00 AM,1,16,1,,2,5
2073,562,10:06:00 AM,1,16,1,,2,5
2074,562,10:28:00 AM,1,16,1,,2,5
2075,562,11:10:00 AM,1,16,1,,2,5
2076,562,11:13:00 AM,1,16,1,,2,5
2077,562,1:24:00 PM,1,16,1,,2,5
2078,562,1:28:00 PM,1,16,1,,2,5
2079,562,2:57:00 PM,1,16,1,,2,5
2080,562,3:00:00 PM,1,16,1,,2,5
2081,562,3:32:00 PM,1,16,1,,2,5
2082,562,3:39:00 PM,1,16,1,,2,5
2083,562,3:43:00 PM,1,16,1,,2,5
2084,562,3:55:00 PM,1,16,1,,2,5
2085,562,4:00:00 PM,1,16,1,,2,5
2086,562,5:07:00 PM,0,49,1,,2,5
2087,562,11:54:00 PM,2,14,1,,2,5
2088,563,1:54:00 AM,1,16,1,,2,5
2089,563,4:54:00 AM,2,14,1,,2,5
2090,563,9:53:00 AM,1,16,1,,2,5
2091,564,3:54:00 AM,2,14,1,,2,5
2092,564,4:54:00 AM,1,16,1,,2,5
2093,565,4:54:00 AM,1,16,1,,2,5
2094,565,9:23:00 AM,2,14,1,,2,5
2095,565,11:58:00 AM,1,16,1,,2,5
2096,565,10:54:00 PM,1,16,1,,2,5
2097,566,5:10:00 AM,1,16,1,,2,5
2098,566,5:20:00 AM,1,16,1,,2,5
2099,566,5:37:00 AM,1,16,1,,2,5
2100,566,5:52:00 AM,1,16,1,,2,5
2101,566,5:55:00 AM,1,16,1,,2,5
2102,567,4:54:00 AM,1,16,1,,2,5
2103,568,4:54:00 AM,1,16,1,,2,5
2104,568,4:57:00 AM,1,16,1,,2,5
2105,568,4:59:00 AM,1,16,1,,2,5
2106,569,4:59:00 AM,1,16,1,,2,5
2107,569,5:53:00 AM,1,16,1,,2,5
2108,569,7:17:00 PM,2,14,1,,2,5
2109,570,4:54:00 AM,2,14,1,,2,5
2110,570,10:21:00 AM,1,16,1,,2,5
